-- MariaDB dump 10.17  Distrib 10.4.15-MariaDB, for Linux (x86_64)
--
-- Host: mysql.hostinger.ro    Database: u574849695_25
-- ------------------------------------------------------
-- Server version	10.4.15-MariaDB-cll-lve

/*!40101 SET @OLD_CHARACTER_SET_CLIENT=@@CHARACTER_SET_CLIENT */;
/*!40101 SET @OLD_CHARACTER_SET_RESULTS=@@CHARACTER_SET_RESULTS */;
/*!40101 SET @OLD_COLLATION_CONNECTION=@@COLLATION_CONNECTION */;
/*!40101 SET NAMES utf8mb4 */;
/*!40103 SET @OLD_TIME_ZONE=@@TIME_ZONE */;
/*!40103 SET TIME_ZONE='+00:00' */;
/*!40014 SET @OLD_UNIQUE_CHECKS=@@UNIQUE_CHECKS, UNIQUE_CHECKS=0 */;
/*!40014 SET @OLD_FOREIGN_KEY_CHECKS=@@FOREIGN_KEY_CHECKS, FOREIGN_KEY_CHECKS=0 */;
/*!40101 SET @OLD_SQL_MODE=@@SQL_MODE, SQL_MODE='NO_AUTO_VALUE_ON_ZERO' */;
/*!40111 SET @OLD_SQL_NOTES=@@SQL_NOTES, SQL_NOTES=0 */;

--
-- Table structure for table `communities`
--

DROP TABLE IF EXISTS `communities`;
/*!40101 SET @saved_cs_client     = @@character_set_client */;
/*!40101 SET character_set_client = utf8 */;
CREATE TABLE `communities` (
  `id` int(10) unsigned NOT NULL AUTO_INCREMENT COMMENT 'Идентификатор сроки',
  `name` varchar(150) COLLATE utf8mb4_unicode_ci NOT NULL COMMENT 'Название группы',
  `created_at` datetime DEFAULT current_timestamp() COMMENT 'Время создания строки',
  `updated_at` datetime DEFAULT current_timestamp() ON UPDATE current_timestamp() COMMENT 'Время обновления строки',
  PRIMARY KEY (`id`),
  UNIQUE KEY `name` (`name`)
) ENGINE=InnoDB AUTO_INCREMENT=11 DEFAULT CHARSET=utf8mb4 COLLATE=utf8mb4_unicode_ci COMMENT='Группы';
/*!40101 SET character_set_client = @saved_cs_client */;

--
-- Dumping data for table `communities`
--

LOCK TABLES `communities` WRITE;
/*!40000 ALTER TABLE `communities` DISABLE KEYS */;
INSERT INTO `communities` VALUES (1,'sit','1991-11-18 03:35:42','1977-12-12 07:52:36'),(2,'in','2013-04-28 10:37:48','2011-03-06 04:56:55'),(3,'impedit','2020-09-26 05:51:31','2005-02-10 13:20:43'),(4,'nesciunt','1973-11-20 17:35:49','2005-08-07 14:23:09'),(5,'tempore','1998-08-24 13:16:30','1990-05-20 10:32:43'),(6,'et','2013-11-28 15:18:26','1992-08-09 20:19:09'),(7,'doloribus','1971-02-10 01:58:53','1973-06-06 11:42:06'),(8,'minus','2017-03-04 08:40:53','1986-10-19 02:02:48'),(9,'autem','2016-06-17 13:59:04','2018-08-16 22:59:35'),(10,'rem','1970-10-11 17:08:52','2014-05-13 16:12:19');
/*!40000 ALTER TABLE `communities` ENABLE KEYS */;
UNLOCK TABLES;

--
-- Table structure for table `communities_users`
--

DROP TABLE IF EXISTS `communities_users`;
/*!40101 SET @saved_cs_client     = @@character_set_client */;
/*!40101 SET character_set_client = utf8 */;
CREATE TABLE `communities_users` (
  `community_id` int(10) unsigned NOT NULL COMMENT 'Ссылка на группу',
  `user_id` int(10) unsigned NOT NULL COMMENT 'Ссылка на пользователя',
  `created_at` datetime DEFAULT current_timestamp() COMMENT 'Время создания строки',
  PRIMARY KEY (`community_id`,`user_id`) COMMENT 'Составной первичный ключ',
  KEY `user_id` (`user_id`),
  CONSTRAINT `communities_users_ibfk_1` FOREIGN KEY (`community_id`) REFERENCES `communities` (`id`),
  CONSTRAINT `communities_users_ibfk_2` FOREIGN KEY (`user_id`) REFERENCES `users` (`id`)
) ENGINE=InnoDB DEFAULT CHARSET=utf8mb4 COLLATE=utf8mb4_unicode_ci COMMENT='Участники групп, связь между пользователями и группами';
/*!40101 SET character_set_client = @saved_cs_client */;

--
-- Dumping data for table `communities_users`
--

LOCK TABLES `communities_users` WRITE;
/*!40000 ALTER TABLE `communities_users` DISABLE KEYS */;
INSERT INTO `communities_users` VALUES (1,1,'1978-10-25 01:32:49'),(1,11,'2007-12-29 15:29:09'),(1,21,'2011-01-22 00:20:10'),(1,31,'2013-06-08 22:47:26'),(1,41,'1977-03-23 00:00:33'),(1,51,'2002-06-05 20:46:19'),(1,61,'1993-04-30 06:07:44'),(1,71,'1993-03-09 00:38:14'),(1,81,'2006-07-12 18:32:07'),(1,91,'1981-07-07 15:10:09'),(2,2,'1979-09-01 03:59:13'),(2,12,'2010-11-18 12:38:15'),(2,22,'1979-07-30 14:46:21'),(2,32,'2008-10-15 21:14:27'),(2,42,'2020-02-13 15:33:28'),(2,52,'2007-08-09 01:45:05'),(2,62,'1978-06-15 15:08:30'),(2,72,'1996-02-08 20:17:55'),(2,82,'1994-11-11 08:48:37'),(2,92,'1994-08-04 01:22:44'),(3,3,'2004-10-09 15:47:23'),(3,13,'2002-03-12 06:28:31'),(3,23,'1983-04-21 20:07:33'),(3,33,'1988-11-05 23:28:57'),(3,43,'2012-10-26 23:25:39'),(3,53,'2020-07-03 23:18:23'),(3,63,'2006-10-19 01:51:55'),(3,73,'1990-01-05 18:08:08'),(3,83,'2011-05-30 03:22:29'),(3,93,'2005-04-17 07:46:07'),(4,4,'1989-06-29 22:03:13'),(4,14,'1991-01-26 17:25:59'),(4,24,'2011-09-02 12:35:08'),(4,34,'2000-06-12 19:11:23'),(4,44,'2019-02-01 04:34:32'),(4,54,'2002-01-10 10:19:13'),(4,64,'1983-01-07 06:20:21'),(4,74,'1999-12-03 19:28:15'),(4,84,'1995-02-11 05:06:22'),(4,94,'2005-12-21 02:58:50'),(5,5,'1970-05-17 20:40:19'),(5,15,'2010-10-28 12:47:09'),(5,25,'1989-05-16 06:18:44'),(5,35,'1972-10-12 03:25:09'),(5,45,'1989-09-01 16:18:50'),(5,55,'2008-12-29 12:17:11'),(5,65,'1982-04-22 03:54:04'),(5,75,'2014-06-06 15:56:09'),(5,85,'2020-03-14 13:18:50'),(5,95,'2009-12-23 08:33:41'),(6,6,'1984-03-23 23:08:42'),(6,16,'1997-08-02 17:36:06'),(6,26,'2010-11-05 13:23:25'),(6,36,'2020-06-03 14:21:23'),(6,46,'2008-12-30 18:10:21'),(6,56,'2018-06-08 11:30:42'),(6,66,'1978-06-03 23:57:41'),(6,76,'2005-01-05 03:56:19'),(6,86,'1978-08-03 20:10:32'),(6,96,'1988-02-10 05:04:37'),(7,7,'2009-01-12 22:51:35'),(7,17,'1986-10-10 08:51:54'),(7,27,'1980-05-27 14:13:02'),(7,37,'2003-09-06 13:33:41'),(7,47,'1994-05-05 21:57:16'),(7,57,'2001-01-09 13:30:05'),(7,67,'2001-03-28 21:37:45'),(7,77,'1987-02-19 21:51:10'),(7,87,'1979-11-03 00:27:04'),(7,97,'1989-08-21 21:55:18'),(8,8,'2013-07-02 13:05:35'),(8,18,'1982-08-29 06:24:25'),(8,28,'2006-04-01 15:52:26'),(8,38,'1971-09-09 10:58:34'),(8,48,'2010-04-04 17:35:45'),(8,58,'1978-11-21 03:38:30'),(8,68,'2015-04-08 00:13:13'),(8,78,'2015-02-16 18:22:56'),(8,88,'2015-09-14 08:45:32'),(8,98,'1994-12-03 16:34:49'),(9,9,'1976-09-15 03:05:00'),(9,19,'2007-05-31 17:26:57'),(9,29,'2010-04-30 23:43:28'),(9,39,'2018-03-25 01:26:20'),(9,49,'2020-09-11 05:12:46'),(9,59,'1971-02-01 10:24:53'),(9,69,'2020-04-29 18:01:52'),(9,79,'2019-03-28 07:42:59'),(9,89,'2021-02-12 17:44:36'),(9,99,'1987-07-23 04:05:54'),(10,10,'2016-05-14 08:26:09'),(10,20,'1970-09-05 17:52:50'),(10,30,'2013-10-29 00:35:57'),(10,40,'1980-03-10 00:00:08'),(10,50,'2020-04-11 10:30:47'),(10,60,'2019-08-22 19:01:40'),(10,70,'1995-11-11 00:03:26'),(10,80,'1993-05-27 20:21:06'),(10,90,'2000-12-25 02:16:19'),(10,100,'2021-04-10 05:06:59');
/*!40000 ALTER TABLE `communities_users` ENABLE KEYS */;
UNLOCK TABLES;

--
-- Table structure for table `friendship`
--

DROP TABLE IF EXISTS `friendship`;
/*!40101 SET @saved_cs_client     = @@character_set_client */;
/*!40101 SET character_set_client = utf8 */;
CREATE TABLE `friendship` (
  `user_id` int(10) unsigned NOT NULL COMMENT 'Ссылка на инициатора дружеских отношений',
  `friend_id` int(10) unsigned NOT NULL COMMENT 'Ссылка на получателя приглашения дружить',
  `status_id` int(10) unsigned NOT NULL COMMENT 'Ссылка на статус (текущее состояние) отношений',
  `requested_at` datetime DEFAULT current_timestamp() COMMENT 'Время отправления приглашения дружить',
  `confirmed_at` datetime DEFAULT NULL COMMENT 'Время подтверждения приглашения',
  `created_at` datetime DEFAULT current_timestamp() COMMENT 'Время создания строки',
  `updated_at` datetime DEFAULT current_timestamp() ON UPDATE current_timestamp() COMMENT 'Время обновления строки',
  PRIMARY KEY (`user_id`,`friend_id`) COMMENT 'Составной первичный ключ',
  KEY `friend_id` (`friend_id`),
  KEY `status_id` (`status_id`),
  CONSTRAINT `friendship_ibfk_1` FOREIGN KEY (`user_id`) REFERENCES `users` (`id`),
  CONSTRAINT `friendship_ibfk_2` FOREIGN KEY (`friend_id`) REFERENCES `users` (`id`),
  CONSTRAINT `friendship_ibfk_3` FOREIGN KEY (`status_id`) REFERENCES `friendship_statuses` (`id`)
) ENGINE=InnoDB DEFAULT CHARSET=utf8mb4 COLLATE=utf8mb4_unicode_ci COMMENT='Таблица дружбы';
/*!40101 SET character_set_client = @saved_cs_client */;

--
-- Dumping data for table `friendship`
--

LOCK TABLES `friendship` WRITE;
/*!40000 ALTER TABLE `friendship` DISABLE KEYS */;
INSERT INTO `friendship` VALUES (1,1,1,'2020-03-03 09:03:12','2014-04-11 13:25:15','1989-08-16 02:47:37','1994-11-29 11:32:05'),(2,2,2,'2004-04-09 14:22:09','2001-11-03 13:21:29','2016-05-02 18:12:02','2012-12-13 19:34:36'),(3,3,3,'1989-12-11 19:15:28','2004-05-12 16:50:48','1996-03-13 13:04:39','1978-06-29 23:24:00'),(4,4,4,'1970-03-21 18:46:29','1983-07-25 04:49:08','2013-04-29 14:15:28','2005-08-13 05:48:34'),(5,5,5,'2001-01-26 11:29:43','1970-04-09 08:28:06','1978-09-12 06:13:33','1971-06-28 22:58:08'),(6,6,6,'2005-12-17 23:26:37','1999-01-22 16:45:11','1985-11-25 10:30:09','1992-03-23 06:50:45'),(7,7,7,'2008-01-13 15:56:39','2004-02-13 13:08:36','2011-06-08 15:19:50','2007-12-02 19:03:12'),(8,8,8,'2011-12-20 18:30:03','2003-02-22 19:19:22','1971-06-08 11:51:40','1978-01-08 13:53:25'),(9,9,9,'2011-08-11 12:33:00','2007-11-21 13:15:24','1993-09-23 17:28:12','2002-01-24 18:10:21'),(10,10,10,'1978-11-11 21:01:50','2005-01-08 08:22:03','2008-12-09 06:19:47','2020-01-11 21:28:57'),(11,11,11,'1980-06-27 00:50:23','1988-05-23 16:22:12','1973-08-20 03:36:40','1985-05-26 20:41:03'),(12,12,12,'1987-08-17 12:59:39','1986-02-18 13:42:15','1980-01-29 06:35:40','1993-08-02 08:27:55'),(13,13,13,'2011-01-02 02:11:29','1982-03-01 12:51:44','1982-09-13 08:33:55','1998-07-11 14:16:49'),(14,14,14,'1992-01-06 13:52:19','1992-02-18 07:03:56','1987-01-08 02:49:53','2019-06-06 01:43:40'),(15,15,15,'1978-10-08 10:08:03','1994-09-21 18:01:13','1973-03-28 10:54:04','2014-11-04 22:42:48'),(16,16,16,'2003-02-20 01:03:57','2006-09-03 18:03:07','1975-04-18 10:21:06','1990-02-20 23:59:23'),(17,17,17,'1995-12-26 13:13:54','1990-06-10 07:27:58','2009-01-13 17:04:30','1987-10-07 07:09:52'),(18,18,18,'1973-04-05 22:52:27','2001-02-09 05:08:39','2004-08-21 04:52:25','1983-10-13 01:54:11'),(19,19,19,'2002-12-13 07:47:55','1985-03-13 21:31:49','2006-03-27 08:18:47','2012-01-18 10:02:30'),(20,20,20,'1994-11-17 10:12:17','1978-04-28 13:21:08','1978-05-25 03:42:30','1971-03-10 15:08:29'),(21,21,21,'2015-04-20 23:20:00','1984-01-23 10:32:05','1991-08-20 01:56:06','1978-03-01 08:00:48'),(22,22,22,'1980-11-02 16:06:58','1980-11-11 08:34:24','1992-10-11 03:08:50','2010-08-31 01:08:27'),(23,23,23,'2019-12-31 10:29:48','1977-12-11 22:02:06','1986-01-15 01:28:42','1980-10-24 14:29:33'),(24,24,24,'1981-04-14 17:47:04','1994-07-16 01:01:16','1975-07-29 05:56:02','2010-02-19 20:25:30'),(25,25,25,'1974-12-16 01:51:00','1990-04-09 14:34:25','1983-11-13 10:22:37','2019-10-13 19:26:26'),(26,26,26,'2012-07-17 11:28:59','1988-09-29 19:19:38','2018-03-25 03:24:55','1972-01-30 11:11:14'),(27,27,27,'1997-01-16 11:32:54','2018-07-15 12:58:58','1972-08-01 07:59:11','1987-03-13 06:04:27'),(28,28,28,'2003-10-24 09:04:55','2008-11-23 11:42:45','1982-02-06 07:40:39','1994-01-05 13:04:22'),(29,29,29,'1987-01-06 13:47:26','1993-11-09 21:23:39','1991-10-05 16:24:52','1970-11-30 13:48:52'),(30,30,30,'1991-07-27 23:26:15','1975-07-15 09:14:09','1990-02-03 06:49:41','1999-10-05 13:12:41'),(31,31,31,'1973-01-01 02:45:23','2020-07-29 18:51:34','1995-09-15 16:37:47','1973-08-16 23:43:16'),(32,32,32,'1975-11-03 10:24:15','2011-06-10 12:55:37','1998-07-02 10:11:09','2017-02-08 10:39:03'),(33,33,33,'2009-03-02 13:25:42','1986-07-04 15:50:33','2001-04-03 05:27:34','2015-06-15 02:03:23'),(34,34,34,'1997-03-01 16:17:01','1980-04-11 12:47:51','2015-12-13 01:26:05','2012-06-08 21:29:46'),(35,35,35,'1980-04-06 08:02:55','1986-07-16 15:14:21','2018-05-03 02:43:20','1982-11-24 20:34:51'),(36,36,36,'1977-10-23 16:22:18','1974-05-30 12:02:43','1999-03-16 07:07:39','1978-12-19 02:57:57'),(37,37,37,'1982-05-27 07:51:51','2011-06-05 05:15:35','2013-03-19 11:39:59','2018-06-24 12:59:59'),(38,38,38,'1986-11-23 03:12:35','1982-12-22 20:49:33','2009-05-12 15:15:33','1989-05-24 03:02:51'),(39,39,39,'2006-09-04 21:15:43','2019-11-17 23:19:35','2003-11-10 00:20:51','1989-12-11 10:33:52'),(40,40,40,'1996-02-14 08:02:33','1992-09-27 10:21:51','1985-07-17 21:40:51','2020-06-05 19:54:47'),(41,41,41,'1999-03-14 07:53:58','1986-03-21 19:43:24','2019-09-04 00:26:14','1981-04-20 14:06:13'),(42,42,42,'1977-02-19 09:20:49','2009-01-01 20:11:48','2004-06-17 16:59:16','1994-10-31 22:22:59'),(43,43,43,'1997-05-23 13:50:06','2019-08-29 19:26:15','2017-03-28 04:20:00','1992-07-07 15:07:25'),(44,44,44,'1990-03-01 23:36:19','2013-08-02 18:16:21','1978-11-02 00:36:35','2002-04-26 09:18:39'),(45,45,45,'2009-11-28 09:11:13','2020-01-11 19:29:17','2001-05-16 06:28:01','1976-06-09 03:24:59'),(46,46,46,'1986-09-01 00:17:06','1997-11-18 22:32:51','1976-05-04 21:43:19','1995-12-09 11:05:33'),(47,47,47,'1985-11-24 04:00:01','1981-05-16 10:37:08','1998-09-20 04:22:31','1984-02-08 00:44:08'),(48,48,48,'1986-05-23 20:12:05','2005-02-16 21:12:05','1971-12-03 11:27:49','2013-05-21 21:08:25'),(49,49,49,'1985-12-31 15:34:54','2021-03-17 06:54:49','1970-10-24 01:50:16','1997-10-26 22:32:05'),(50,50,50,'2019-08-27 00:25:47','2014-08-14 02:04:45','1995-09-07 10:44:51','1998-01-04 23:31:13'),(51,51,51,'2005-08-20 19:39:34','1986-01-31 20:44:32','1988-12-07 21:26:49','2007-08-23 15:24:02'),(52,52,52,'1985-09-27 18:29:40','1999-03-09 09:41:24','2011-02-10 00:59:18','2014-10-14 21:56:28'),(53,53,53,'1998-03-18 18:36:04','2012-06-04 15:45:18','2015-12-10 19:41:46','2016-03-05 10:04:44'),(54,54,54,'2020-02-13 12:48:34','1971-04-05 02:00:33','2004-01-11 03:43:10','1982-10-01 15:37:17'),(55,55,55,'2003-08-06 13:38:11','2000-11-09 12:10:01','1973-03-28 00:55:15','1978-01-16 00:56:41'),(56,56,56,'1989-04-12 19:23:19','2017-02-10 20:56:49','1987-04-25 20:02:13','1978-08-18 19:50:24'),(57,57,57,'2014-01-11 20:47:21','1981-07-24 09:28:04','1977-05-04 19:52:30','1995-12-19 21:33:13'),(58,58,58,'1971-05-21 17:40:09','1970-09-22 04:25:49','1982-05-05 09:34:35','1975-11-29 18:05:27'),(59,59,59,'2014-03-20 17:45:04','2002-12-08 20:29:51','1985-01-01 16:55:39','1970-09-30 09:47:23'),(60,60,60,'1977-02-26 14:09:02','1971-03-12 08:05:31','1972-03-09 10:21:33','2006-11-09 19:00:34'),(61,61,61,'2016-09-13 09:08:46','2002-07-18 23:02:54','1970-03-26 08:10:24','2018-03-23 12:37:18'),(62,62,62,'1975-04-01 21:34:24','2011-02-15 06:39:43','2000-04-24 16:52:58','2007-12-05 20:10:07'),(63,63,63,'1988-07-08 07:39:39','1997-08-18 15:37:42','1981-11-10 05:06:46','1987-10-12 18:33:45'),(64,64,64,'1996-07-06 05:03:35','2018-11-05 15:47:24','1981-11-01 03:02:25','2008-01-31 04:25:56'),(65,65,65,'1971-08-15 11:20:38','1970-07-14 20:42:08','2018-08-15 20:08:19','2006-06-29 06:23:58'),(66,66,66,'1985-11-12 19:41:51','1987-07-28 23:15:32','2017-06-16 21:35:30','1998-07-05 08:52:08'),(67,67,67,'1997-08-05 13:37:59','1997-03-23 17:43:48','1998-05-24 01:14:44','1992-02-07 14:23:26'),(68,68,68,'2015-08-24 10:36:15','1997-08-08 19:25:20','2006-08-06 13:25:48','1977-04-21 06:35:44'),(69,69,69,'1999-06-04 06:26:40','1974-03-19 06:02:03','2011-04-06 04:30:21','1978-09-15 02:11:27'),(70,70,70,'2007-02-15 04:51:41','1984-10-11 06:40:28','1991-01-01 03:49:10','2001-01-26 08:37:17'),(71,71,71,'1993-07-09 11:52:10','1995-01-16 05:16:34','1980-07-19 16:52:34','1998-07-30 19:35:37'),(72,72,72,'1983-06-15 14:02:38','1996-06-04 22:42:54','1991-01-27 20:00:21','2004-11-20 15:40:23'),(73,73,73,'1974-01-05 19:59:13','1991-08-01 15:28:48','1982-11-23 22:09:38','2017-09-09 21:37:24'),(74,74,74,'2019-11-28 17:00:58','2020-07-02 17:48:29','2019-06-17 11:59:15','1999-06-21 00:07:16'),(75,75,75,'2020-12-16 10:10:30','1981-12-08 00:49:34','1992-04-11 22:27:56','2001-04-08 04:57:03'),(76,76,76,'1994-12-28 21:03:19','2010-03-03 09:06:27','1993-12-05 03:55:46','2015-06-26 06:53:30'),(77,77,77,'1988-07-12 08:36:03','1991-09-29 00:57:58','1982-09-09 06:08:29','2008-10-27 16:14:21'),(78,78,78,'1993-03-07 18:21:16','1998-03-24 19:56:18','2019-12-06 12:00:59','1992-08-29 18:05:11'),(79,79,79,'2015-03-29 12:21:22','2007-09-23 04:03:27','1993-06-29 22:10:09','1973-12-30 00:35:04'),(80,80,80,'1992-05-21 20:37:18','1999-09-09 21:15:40','2019-01-30 00:46:30','2012-11-30 17:59:20'),(81,81,81,'1985-09-23 11:21:02','1996-01-02 04:55:51','2005-03-29 03:51:42','1993-07-04 19:02:01'),(82,82,82,'1970-12-25 00:35:36','1981-03-15 00:20:15','2014-02-14 12:00:14','2019-09-26 22:42:30'),(83,83,83,'2016-11-12 06:58:32','1991-11-18 14:30:59','2001-04-05 08:59:56','2009-09-02 13:10:26'),(84,84,84,'2014-02-08 14:47:44','1990-03-28 07:40:32','2006-07-30 16:31:04','2019-07-29 10:44:42'),(85,85,85,'1979-12-23 23:49:26','1978-07-14 12:42:10','2000-11-08 16:47:35','1999-09-11 15:28:08'),(86,86,86,'2018-07-25 06:50:46','2014-07-23 21:08:35','1978-12-26 16:32:40','1996-09-21 15:18:11'),(87,87,87,'1981-02-01 09:44:40','1979-02-02 20:33:04','1999-09-04 11:29:58','2008-04-27 11:38:50'),(88,88,88,'2019-11-08 16:42:31','2020-07-01 22:56:47','1972-09-19 22:33:36','1990-12-12 11:37:14'),(89,89,89,'1984-08-05 17:32:19','2021-03-15 07:50:01','1978-02-02 01:05:39','2005-05-27 15:07:27'),(90,90,90,'1996-02-02 12:50:50','1991-09-25 16:57:13','2007-07-16 12:43:23','2011-07-11 02:56:04'),(91,91,91,'1984-01-24 15:36:01','1977-01-13 11:03:00','2016-03-16 08:41:12','2002-11-30 16:42:21'),(92,92,92,'1977-11-24 23:23:45','1984-07-15 22:44:41','1981-03-24 02:16:00','2015-08-11 20:18:34'),(93,93,93,'1976-10-16 17:25:23','2008-12-10 12:27:56','1971-07-31 05:39:27','2017-01-16 08:53:59'),(94,94,94,'1997-10-05 21:10:21','2010-06-09 08:37:10','1990-06-23 13:56:53','1972-03-04 10:24:32'),(95,95,95,'1998-12-02 12:01:04','1986-02-15 02:00:42','1983-07-10 19:26:35','2012-01-09 08:14:28'),(96,96,96,'1997-09-15 07:54:25','1986-01-08 02:17:53','1993-10-16 03:28:07','2013-09-12 23:54:48'),(97,97,97,'2018-07-12 02:41:27','1979-10-12 15:32:43','2001-08-03 11:57:00','1977-04-30 09:08:35'),(98,98,98,'2001-12-27 18:49:09','2009-06-21 13:17:34','2014-08-04 16:07:08','1982-04-23 22:42:41'),(99,99,99,'1997-06-04 21:20:34','1973-08-22 15:46:46','1989-03-24 01:19:29','1971-05-06 22:07:18'),(100,100,100,'1996-10-10 02:42:11','2007-03-24 03:28:03','1983-01-20 08:28:50','2012-07-25 03:40:50');
/*!40000 ALTER TABLE `friendship` ENABLE KEYS */;
UNLOCK TABLES;

--
-- Table structure for table `friendship_statuses`
--

DROP TABLE IF EXISTS `friendship_statuses`;
/*!40101 SET @saved_cs_client     = @@character_set_client */;
/*!40101 SET character_set_client = utf8 */;
CREATE TABLE `friendship_statuses` (
  `id` int(10) unsigned NOT NULL AUTO_INCREMENT COMMENT 'Идентификатор строки',
  `name` varchar(150) COLLATE utf8mb4_unicode_ci NOT NULL COMMENT 'Название статуса',
  `created_at` datetime DEFAULT current_timestamp() COMMENT 'Время создания строки',
  `updated_at` datetime DEFAULT current_timestamp() ON UPDATE current_timestamp() COMMENT 'Время обновления строки',
  PRIMARY KEY (`id`),
  UNIQUE KEY `name` (`name`)
) ENGINE=InnoDB AUTO_INCREMENT=101 DEFAULT CHARSET=utf8mb4 COLLATE=utf8mb4_unicode_ci COMMENT='Статусы дружбы';
/*!40101 SET character_set_client = @saved_cs_client */;

--
-- Dumping data for table `friendship_statuses`
--

LOCK TABLES `friendship_statuses` WRITE;
/*!40000 ALTER TABLE `friendship_statuses` DISABLE KEYS */;
INSERT INTO `friendship_statuses` VALUES (1,'aperiam','1985-08-03 18:38:27','2005-10-17 22:28:13'),(2,'enim','2007-02-25 09:47:50','1996-09-25 21:28:40'),(3,'non','1973-09-18 02:09:03','1972-11-12 10:22:40'),(4,'fugit','1970-06-30 18:14:05','1971-04-20 19:00:03'),(5,'consequatur','2014-12-11 01:08:55','2018-02-01 15:32:24'),(6,'voluptates','1985-05-22 09:57:21','1982-08-05 21:11:50'),(7,'quos','2017-04-13 23:50:37','2003-01-30 00:09:15'),(8,'quasi','1993-09-08 17:19:07','1998-01-12 12:53:43'),(9,'molestiae','2005-05-23 20:42:42','2013-06-20 18:40:07'),(10,'ut','1973-11-06 08:58:58','1994-05-05 01:01:52'),(11,'et','2016-10-15 00:06:29','1981-04-28 03:27:43'),(12,'fuga','1991-02-02 12:39:27','2001-08-12 02:36:02'),(13,'laborum','1989-04-08 14:15:13','1974-10-02 10:08:57'),(14,'architecto','1979-05-07 20:03:02','2007-06-08 11:08:39'),(15,'dignissimos','2016-05-20 00:49:31','2007-09-18 12:47:08'),(16,'aut','2004-11-12 22:20:28','1988-07-11 08:09:17'),(17,'accusantium','1974-01-24 13:19:20','1986-05-23 12:33:31'),(18,'rerum','2011-05-13 01:09:20','1995-06-24 15:45:29'),(19,'quod','2020-09-12 05:18:48','2018-12-30 23:09:15'),(20,'autem','1992-06-20 23:24:05','1986-10-12 19:39:35'),(21,'maiores','2006-08-31 10:22:26','2017-01-22 00:09:17'),(22,'laudantium','2020-04-13 05:12:44','2005-01-02 00:31:08'),(23,'voluptatem','1986-02-21 17:31:16','1980-10-30 21:56:23'),(24,'quo','2004-05-23 20:54:52','1970-03-20 00:10:37'),(25,'sit','1982-08-08 10:59:31','2005-05-29 03:01:04'),(26,'ipsa','2001-05-24 22:36:50','1999-07-10 20:08:02'),(27,'occaecati','1974-04-29 19:48:38','1979-10-29 02:31:15'),(28,'voluptas','1972-11-08 19:52:56','2014-08-13 16:19:37'),(29,'delectus','2011-03-22 05:03:05','2005-04-29 04:02:43'),(30,'ex','1982-03-09 01:44:59','2014-03-22 23:16:54'),(31,'est','1980-02-14 15:19:35','1972-01-25 00:30:21'),(32,'suscipit','1987-07-16 21:32:25','1998-09-26 01:30:48'),(33,'libero','1999-05-02 20:02:52','1973-12-10 15:16:51'),(34,'qui','1977-01-18 16:18:49','1982-04-06 05:58:58'),(35,'quam','1983-06-24 18:51:16','1977-10-18 21:17:30'),(36,'id','2015-03-11 16:11:45','1999-07-29 19:48:45'),(37,'maxime','2010-01-25 04:09:01','1986-11-06 20:10:34'),(38,'vero','1976-03-21 09:40:08','1982-04-19 06:54:09'),(39,'porro','1975-04-08 01:41:46','2017-08-09 03:24:48'),(40,'accusamus','2009-12-15 15:21:13','1992-06-14 06:45:15'),(41,'odio','2017-06-12 09:53:58','2014-02-26 07:41:28'),(42,'ab','1990-09-11 23:57:45','2016-02-08 08:16:07'),(43,'sed','1996-03-14 12:33:37','2021-02-12 03:28:47'),(44,'distinctio','2011-08-21 03:42:25','1987-02-12 05:34:05'),(45,'sint','1995-02-23 03:43:54','1999-07-19 05:12:06'),(46,'quaerat','1972-06-02 21:32:04','1987-04-16 23:21:00'),(47,'impedit','2009-08-15 16:51:19','2009-10-05 21:13:41'),(48,'officia','2018-10-18 11:43:52','1972-08-14 07:49:31'),(49,'unde','1984-06-24 02:58:12','1994-04-03 23:54:22'),(50,'optio','1986-04-08 08:07:19','2012-11-05 17:43:12'),(51,'facere','2021-01-06 11:07:08','1988-08-19 06:11:18'),(52,'consequuntur','2013-10-17 09:18:31','1993-05-24 21:00:36'),(53,'quisquam','2014-11-02 15:23:01','2021-02-12 07:27:10'),(54,'ratione','2017-08-29 18:29:14','1983-10-14 07:39:40'),(55,'eos','2007-04-06 13:39:25','2013-04-14 21:08:08'),(56,'dolorum','1974-01-15 22:23:23','1989-01-10 22:36:24'),(57,'dolor','2011-10-20 10:03:40','1974-08-19 11:27:42'),(58,'corporis','1991-12-29 22:01:49','2016-11-05 09:08:00'),(59,'voluptatibus','2009-09-29 08:48:39','2010-06-30 17:25:26'),(60,'cumque','1978-10-05 04:52:01','2020-01-17 07:51:11'),(61,'blanditiis','1983-05-08 14:43:59','2007-08-28 21:17:31'),(62,'vitae','1999-08-31 00:05:40','1971-07-07 12:02:59'),(63,'amet','1986-07-08 08:33:07','1972-08-21 15:38:03'),(64,'totam','2018-09-14 18:32:06','2015-09-14 05:24:17'),(65,'ipsam','2001-02-10 07:59:51','2010-07-03 16:02:38'),(66,'nisi','1976-05-25 01:40:16','1995-11-05 12:32:09'),(67,'voluptate','1979-05-23 09:39:03','1990-09-11 11:41:33'),(68,'modi','1986-06-10 14:40:12','1985-10-14 03:34:19'),(69,'aspernatur','2003-04-05 04:38:25','2006-12-10 17:02:31'),(70,'vel','1985-04-29 21:47:16','2014-09-09 08:24:38'),(71,'repudiandae','2020-01-06 23:30:57','1995-09-28 09:22:36'),(72,'aliquam','2000-10-11 22:18:43','1979-06-09 07:50:48'),(73,'quia','2020-10-22 04:37:14','1981-09-25 16:06:23'),(74,'velit','1980-04-11 10:23:50','2011-05-12 16:48:55'),(75,'similique','1983-07-10 14:07:36','1987-03-09 05:51:28'),(76,'illum','1990-08-29 13:32:47','1985-09-04 12:01:40'),(77,'sequi','2010-02-15 21:13:47','2009-08-31 23:03:30'),(78,'dicta','1979-11-15 08:06:53','1993-11-18 09:58:22'),(79,'exercitationem','2013-09-11 17:40:04','2008-07-25 19:33:52'),(80,'facilis','1983-05-28 07:25:55','2010-10-03 15:21:55'),(81,'animi','1980-02-20 07:40:13','2020-09-19 09:51:11'),(82,'earum','1974-07-16 09:15:54','2020-04-05 04:10:43'),(83,'dolores','2006-02-28 02:56:47','1981-02-16 19:30:21'),(84,'repellendus','2010-08-02 21:42:56','1974-09-12 14:17:52'),(85,'numquam','1983-05-03 19:29:51','1979-06-08 03:20:26'),(86,'beatae','2007-01-15 20:36:18','2003-07-08 19:20:22'),(87,'omnis','1989-02-04 22:57:19','2006-03-02 13:20:14'),(88,'sapiente','1974-10-30 06:05:40','2013-03-23 04:18:09'),(89,'perferendis','1972-05-17 15:12:44','2001-10-03 16:13:38'),(90,'eligendi','2009-02-11 11:06:01','1984-10-24 10:42:56'),(91,'incidunt','1977-02-06 19:13:35','1996-05-09 23:18:07'),(92,'placeat','1973-07-20 07:19:04','1988-09-15 21:22:20'),(93,'perspiciatis','1972-02-14 21:55:26','1988-03-23 16:19:38'),(94,'aliquid','1995-12-03 01:05:32','1971-04-04 06:28:50'),(95,'at','2010-03-12 22:33:43','1994-11-30 01:26:15'),(96,'quibusdam','2000-11-20 13:08:56','1979-01-23 22:54:24'),(97,'deleniti','1971-11-01 13:58:20','1999-08-30 05:32:44'),(98,'veritatis','2016-10-18 20:32:57','1982-07-04 00:25:10'),(99,'temporibus','2011-01-27 13:51:33','1990-04-29 10:32:00'),(100,'error','2005-03-14 22:10:24','2014-01-05 14:04:56');
/*!40000 ALTER TABLE `friendship_statuses` ENABLE KEYS */;
UNLOCK TABLES;

--
-- Table structure for table `like_type`
--

DROP TABLE IF EXISTS `like_type`;
/*!40101 SET @saved_cs_client     = @@character_set_client */;
/*!40101 SET character_set_client = utf8 */;
CREATE TABLE `like_type` (
  `id` tinyint(3) unsigned NOT NULL AUTO_INCREMENT COMMENT 'идентификатор лайка',
  `type` varchar(128) COLLATE utf8mb4_unicode_ci NOT NULL COMMENT 'Тип лайка: сообщение, пользователь,медиафайл',
  `media_id` int(10) unsigned DEFAULT NULL COMMENT 'Ссылка на медиафайл',
  `messages_id` int(10) unsigned NOT NULL COMMENT 'Ссылка на сообщение',
  PRIMARY KEY (`id`),
  KEY `media_id` (`media_id`),
  KEY `messages_id` (`messages_id`),
  CONSTRAINT `like_type_ibfk_1` FOREIGN KEY (`media_id`) REFERENCES `media` (`id`) ON DELETE CASCADE ON UPDATE CASCADE,
  CONSTRAINT `like_type_ibfk_2` FOREIGN KEY (`messages_id`) REFERENCES `messages` (`id`) ON DELETE CASCADE ON UPDATE CASCADE
) ENGINE=InnoDB AUTO_INCREMENT=101 DEFAULT CHARSET=utf8mb4 COLLATE=utf8mb4_unicode_ci COMMENT='Тип лайка';
/*!40101 SET character_set_client = @saved_cs_client */;

--
-- Dumping data for table `like_type`
--

LOCK TABLES `like_type` WRITE;
/*!40000 ALTER TABLE `like_type` DISABLE KEYS */;
INSERT INTO `like_type` VALUES (1,'',1,1),(2,'',2,2),(3,'',3,3),(4,'',4,4),(5,'',5,5),(6,'',6,6),(7,'',7,7),(8,'',8,8),(9,'',9,9),(10,'',10,10),(11,'',11,11),(12,'',12,12),(13,'',13,13),(14,'',14,14),(15,'',15,15),(16,'',16,16),(17,'',17,17),(18,'',18,18),(19,'',19,19),(20,'',20,20),(21,'',21,21),(22,'',22,22),(23,'',23,23),(24,'',24,24),(25,'',25,25),(26,'',26,26),(27,'',27,27),(28,'',28,28),(29,'',29,29),(30,'',30,30),(31,'',31,31),(32,'',32,32),(33,'',33,33),(34,'',34,34),(35,'',35,35),(36,'',36,36),(37,'',37,37),(38,'',38,38),(39,'',39,39),(40,'',40,40),(41,'',41,41),(42,'',42,42),(43,'',43,43),(44,'',44,44),(45,'',45,45),(46,'',46,46),(47,'',47,47),(48,'',48,48),(49,'',49,49),(50,'',50,50),(51,'',51,51),(52,'',52,52),(53,'',53,53),(54,'',54,54),(55,'',55,55),(56,'',56,56),(57,'',57,57),(58,'',58,58),(59,'',59,59),(60,'',60,60),(61,'',61,61),(62,'',62,62),(63,'',63,63),(64,'',64,64),(65,'',65,65),(66,'',66,66),(67,'',67,67),(68,'',68,68),(69,'',69,69),(70,'',70,70),(71,'',71,71),(72,'',72,72),(73,'',73,73),(74,'',74,74),(75,'',75,75),(76,'',76,76),(77,'',77,77),(78,'',78,78),(79,'',79,79),(80,'',80,80),(81,'',81,81),(82,'',82,82),(83,'',83,83),(84,'',84,84),(85,'',85,85),(86,'',86,86),(87,'',87,87),(88,'',88,88),(89,'',89,89),(90,'',90,90),(91,'',91,91),(92,'',92,92),(93,'',93,93),(94,'',94,94),(95,'',95,95),(96,'',96,96),(97,'',97,97),(98,'',98,98),(99,'',99,99),(100,'',100,100);
/*!40000 ALTER TABLE `like_type` ENABLE KEYS */;
UNLOCK TABLES;

--
-- Table structure for table `likes`
--

DROP TABLE IF EXISTS `likes`;
/*!40101 SET @saved_cs_client     = @@character_set_client */;
/*!40101 SET character_set_client = utf8 */;
CREATE TABLE `likes` (
  `like_id` tinyint(3) unsigned NOT NULL COMMENT 'тип лайка',
  `like_counter` int(11) DEFAULT NULL COMMENT 'количество лайков',
  `user_id_receiving` int(10) unsigned NOT NULL COMMENT 'Ссылка на пользователя, которому поставили лайки',
  `user_id_giving` int(10) unsigned NOT NULL COMMENT 'Ссылка на пользователя, который поставил лайк',
  `created_at` datetime DEFAULT current_timestamp() COMMENT 'Время создания строки',
  `updated_at` datetime DEFAULT current_timestamp() ON UPDATE current_timestamp() COMMENT 'Время обновления строки',
  KEY `user_id_receiving` (`user_id_receiving`),
  KEY `user_id_giving` (`user_id_giving`),
  KEY `like_id` (`like_id`),
  CONSTRAINT `likes_ibfk_1` FOREIGN KEY (`user_id_receiving`) REFERENCES `users` (`id`) ON DELETE CASCADE ON UPDATE CASCADE,
  CONSTRAINT `likes_ibfk_2` FOREIGN KEY (`user_id_giving`) REFERENCES `users` (`id`) ON DELETE CASCADE ON UPDATE CASCADE,
  CONSTRAINT `likes_ibfk_3` FOREIGN KEY (`like_id`) REFERENCES `like_type` (`id`) ON DELETE CASCADE ON UPDATE CASCADE
) ENGINE=InnoDB DEFAULT CHARSET=utf8mb4 COLLATE=utf8mb4_unicode_ci COMMENT='Лайки';
/*!40101 SET character_set_client = @saved_cs_client */;

--
-- Dumping data for table `likes`
--

LOCK TABLES `likes` WRITE;
/*!40000 ALTER TABLE `likes` DISABLE KEYS */;
INSERT INTO `likes` VALUES (1,4690,1,1,'1972-07-01 18:34:11','1998-09-13 05:35:34'),(2,131,2,2,'1991-09-17 04:23:36','2008-08-21 01:46:25'),(3,94,3,3,'1970-01-01 20:56:00','1985-08-15 13:17:46'),(4,9118667,4,4,'1976-12-18 12:06:24','2005-04-17 01:02:04'),(5,0,5,5,'2021-02-28 17:28:57','1978-03-29 22:33:41'),(6,338,6,6,'1987-06-09 19:33:51','2013-04-01 13:10:57'),(7,1,7,7,'2003-12-31 02:05:08','1971-02-09 14:05:14'),(8,16202,8,8,'2007-02-06 00:31:56','2010-06-13 05:39:31'),(9,847,9,9,'1975-04-28 21:37:01','1979-10-19 14:54:05'),(10,60841,10,10,'1978-12-30 18:21:08','1999-03-15 14:31:45');
/*!40000 ALTER TABLE `likes` ENABLE KEYS */;
UNLOCK TABLES;

--
-- Table structure for table `media`
--

DROP TABLE IF EXISTS `media`;
/*!40101 SET @saved_cs_client     = @@character_set_client */;
/*!40101 SET character_set_client = utf8 */;
CREATE TABLE `media` (
  `id` int(10) unsigned NOT NULL AUTO_INCREMENT COMMENT 'Идентификатор строки',
  `user_id` int(10) unsigned NOT NULL COMMENT 'Ссылка на пользователя, который загрузил файл',
  `filename` varchar(255) COLLATE utf8mb4_unicode_ci NOT NULL COMMENT 'Путь к файлу',
  `size` int(11) NOT NULL COMMENT 'Размер файла',
  `metadata` longtext CHARACTER SET utf8mb4 COLLATE utf8mb4_bin DEFAULT NULL COMMENT 'Метаданные файла' CHECK (json_valid(`metadata`)),
  `media_type_id` int(10) unsigned NOT NULL COMMENT 'Ссылка на тип контента',
  `created_at` datetime DEFAULT current_timestamp() COMMENT 'Время создания строки',
  `updated_at` datetime DEFAULT current_timestamp() ON UPDATE current_timestamp() COMMENT 'Время обновления строки',
  PRIMARY KEY (`id`),
  KEY `user_id` (`user_id`),
  KEY `media_type_id` (`media_type_id`),
  CONSTRAINT `media_ibfk_1` FOREIGN KEY (`user_id`) REFERENCES `users` (`id`),
  CONSTRAINT `media_ibfk_2` FOREIGN KEY (`media_type_id`) REFERENCES `media_types` (`id`)
) ENGINE=InnoDB AUTO_INCREMENT=101 DEFAULT CHARSET=utf8mb4 COLLATE=utf8mb4_unicode_ci COMMENT='Медиафайлы';
/*!40101 SET character_set_client = @saved_cs_client */;

--
-- Dumping data for table `media`
--

LOCK TABLES `media` WRITE;
/*!40000 ALTER TABLE `media` DISABLE KEYS */;
INSERT INTO `media` VALUES (1,1,'pariatur',0,NULL,1,'2014-01-01 07:56:17','1985-11-03 17:16:38'),(2,2,'similique',4973,NULL,2,'2019-05-11 02:58:38','1974-08-29 13:00:09'),(3,3,'iure',32774058,NULL,3,'1991-05-29 13:58:19','1973-01-12 07:28:18'),(4,4,'est',4095527,NULL,4,'1981-09-27 13:14:29','1973-08-26 05:15:20'),(5,5,'odio',8,NULL,5,'1989-04-28 22:19:06','1997-01-06 17:28:48'),(6,6,'qui',5962,NULL,6,'1970-01-11 06:24:41','1988-11-04 07:24:42'),(7,7,'magnam',56844710,NULL,7,'2007-08-28 01:47:43','1970-07-18 13:52:23'),(8,8,'veritatis',65,NULL,8,'1990-08-15 02:57:59','2001-10-09 19:18:14'),(9,9,'in',272170,NULL,9,'1994-07-18 07:20:07','2018-10-19 23:17:02'),(10,10,'quas',69817338,NULL,10,'2011-12-28 03:00:54','2015-11-22 05:18:33'),(11,11,'modi',2,NULL,1,'1982-12-17 05:43:13','1993-08-21 23:56:53'),(12,12,'voluptate',4357,NULL,2,'1997-11-29 17:03:01','1978-11-21 03:14:24'),(13,13,'dolor',8928705,NULL,3,'2008-01-23 17:27:25','2016-01-09 05:27:16'),(14,14,'sit',75,NULL,4,'1975-01-09 18:30:06','1984-08-02 22:47:47'),(15,15,'expedita',81004,NULL,5,'1986-02-08 04:02:21','2001-03-17 12:09:09'),(16,16,'aut',50840,NULL,6,'1991-12-25 03:24:14','1975-05-15 11:28:05'),(17,17,'animi',54333,NULL,7,'1990-12-21 10:00:01','1994-07-23 01:32:14'),(18,18,'aut',2679,NULL,8,'1976-08-29 21:37:56','2008-11-18 02:43:48'),(19,19,'quos',950,NULL,9,'1974-03-28 11:25:11','1998-11-14 12:44:34'),(20,20,'enim',914891,NULL,10,'1994-03-12 21:21:24','2008-01-27 18:04:59'),(21,21,'cumque',2409,NULL,1,'2020-08-17 02:16:49','1995-09-22 22:54:31'),(22,22,'fugiat',44770,NULL,2,'1977-07-20 03:48:55','1998-04-18 12:55:32'),(23,23,'voluptas',822516196,NULL,3,'1970-07-16 09:24:32','2014-06-17 03:56:45'),(24,24,'suscipit',82,NULL,4,'1972-06-17 20:32:36','1994-03-30 02:03:03'),(25,25,'numquam',484,NULL,5,'1981-02-23 13:33:58','1973-06-22 08:53:14'),(26,26,'officia',150,NULL,6,'1972-01-04 03:43:49','1971-12-12 13:09:36'),(27,27,'quia',1323,NULL,7,'2009-05-01 18:35:32','2015-08-15 09:47:33'),(28,28,'veritatis',348,NULL,8,'1985-10-03 09:19:46','1973-04-18 06:43:13'),(29,29,'deleniti',251,NULL,9,'1983-12-16 00:24:42','2019-11-12 12:08:33'),(30,30,'dolor',0,NULL,10,'2000-04-29 06:03:53','2002-11-06 02:17:41'),(31,31,'harum',0,NULL,1,'1994-12-12 11:25:43','2010-01-28 17:34:22'),(32,32,'quos',0,NULL,2,'1991-12-31 20:21:35','1998-05-01 14:55:55'),(33,33,'qui',465,NULL,3,'1971-09-18 08:37:31','1970-06-19 09:11:08'),(34,34,'ipsa',3,NULL,4,'1974-02-20 02:31:11','2014-07-05 06:30:00'),(35,35,'asperiores',5183931,NULL,5,'2002-05-12 21:45:27','1998-10-10 20:09:30'),(36,36,'soluta',73329,NULL,6,'1973-01-23 08:44:12','2000-09-20 09:13:50'),(37,37,'et',674320242,NULL,7,'1976-11-04 17:42:57','1984-02-22 14:23:30'),(38,38,'aperiam',3441760,NULL,8,'1995-03-22 12:26:04','2002-03-05 09:31:34'),(39,39,'delectus',3745,NULL,9,'1984-04-28 21:44:41','1986-03-23 02:34:45'),(40,40,'fugiat',50,NULL,10,'1981-05-28 04:53:02','1973-11-20 16:48:20'),(41,41,'magni',69,NULL,1,'1990-01-28 06:01:30','2016-02-22 23:36:08'),(42,42,'et',32020,NULL,2,'1975-10-17 21:04:13','1973-10-22 07:59:14'),(43,43,'expedita',21,NULL,3,'1997-03-06 06:23:39','1992-09-30 05:59:06'),(44,44,'aut',250765739,NULL,4,'1977-01-22 13:21:17','1985-06-13 17:03:47'),(45,45,'optio',0,NULL,5,'1979-05-26 00:20:57','2002-08-05 15:02:24'),(46,46,'laborum',4,NULL,6,'2009-03-05 07:45:12','2021-02-09 09:20:15'),(47,47,'eum',0,NULL,7,'1981-01-23 23:17:48','2014-08-23 06:43:26'),(48,48,'laborum',30374516,NULL,8,'2008-01-14 15:17:54','2019-09-05 15:22:38'),(49,49,'voluptates',5,NULL,9,'1977-03-02 10:12:41','1978-07-01 21:50:21'),(50,50,'porro',222,NULL,10,'1994-03-23 00:46:04','1990-11-05 04:29:12'),(51,51,'voluptatem',7301201,NULL,1,'1974-03-19 07:05:36','1999-05-30 03:22:47'),(52,52,'saepe',3,NULL,2,'1978-01-01 03:58:30','1987-03-16 15:42:32'),(53,53,'autem',71732802,NULL,3,'1980-09-15 17:13:32','2000-09-29 04:43:54'),(54,54,'hic',579,NULL,4,'1971-09-16 04:26:53','2016-06-23 07:54:28'),(55,55,'velit',9,NULL,5,'2007-08-05 01:27:39','2002-07-07 09:12:20'),(56,56,'labore',2568423,NULL,6,'1998-06-29 04:23:34','1976-02-04 15:02:18'),(57,57,'qui',49,NULL,7,'1991-05-17 20:00:19','1981-12-29 22:22:26'),(58,58,'quae',0,NULL,8,'2002-06-26 05:44:08','1985-07-06 10:09:04'),(59,59,'dolores',990927,NULL,9,'1992-08-29 17:43:30','2015-11-30 21:31:38'),(60,60,'quisquam',7562926,NULL,10,'2018-02-04 08:17:50','2002-11-23 23:46:42'),(61,61,'ut',7981,NULL,1,'1970-03-15 07:01:13','2016-02-05 14:14:52'),(62,62,'autem',0,NULL,2,'1982-09-25 13:09:24','2002-06-26 22:41:43'),(63,63,'id',336002,NULL,3,'1988-08-11 22:39:46','1995-07-20 11:41:48'),(64,64,'itaque',606,NULL,4,'1987-07-04 11:25:44','1987-06-04 15:00:15'),(65,65,'ut',294,NULL,5,'2014-09-23 18:19:17','1983-12-06 04:01:50'),(66,66,'nesciunt',0,NULL,6,'2011-10-20 22:21:14','1989-08-13 11:31:01'),(67,67,'sit',6,NULL,7,'1982-12-31 04:17:49','1976-03-27 15:36:45'),(68,68,'quia',35,NULL,8,'2001-02-24 20:42:53','1983-06-26 02:59:44'),(69,69,'asperiores',36,NULL,9,'1989-10-27 15:53:54','1978-06-30 07:32:28'),(70,70,'vel',4662610,NULL,10,'1976-08-25 14:58:48','2015-01-01 20:51:44'),(71,71,'voluptas',66054199,NULL,1,'2017-07-11 09:37:04','2009-01-04 02:56:43'),(72,72,'sunt',0,NULL,2,'1977-03-04 09:31:06','2007-10-04 13:56:08'),(73,73,'veniam',0,NULL,3,'1992-03-14 11:17:11','1973-10-17 09:58:05'),(74,74,'quas',80,NULL,4,'2012-02-13 19:33:58','1977-12-29 15:42:09'),(75,75,'aperiam',91629067,NULL,5,'2013-05-26 17:43:11','1981-07-19 18:08:58'),(76,76,'illum',621731423,NULL,6,'2018-08-22 11:13:10','2002-05-19 17:14:07'),(77,77,'sit',4368,NULL,7,'1970-05-24 20:11:39','1992-09-25 14:48:47'),(78,78,'et',0,NULL,8,'1995-04-20 16:53:14','1996-03-29 18:55:09'),(79,79,'veritatis',2,NULL,9,'1996-11-14 12:27:25','2000-03-14 03:58:22'),(80,80,'et',94,NULL,10,'2002-12-15 07:04:21','1985-06-21 12:57:11'),(81,81,'occaecati',316,NULL,1,'2019-05-01 08:03:25','1972-07-02 01:11:03'),(82,82,'sed',1613715,NULL,2,'1971-05-01 18:08:18','2007-07-24 06:44:32'),(83,83,'suscipit',7,NULL,3,'1994-01-03 02:16:16','2003-11-15 19:35:21'),(84,84,'quod',8392,NULL,4,'1971-05-09 10:48:19','2018-02-12 18:56:07'),(85,85,'placeat',0,NULL,5,'1977-10-04 18:09:17','1971-02-22 16:14:21'),(86,86,'et',86,NULL,6,'1994-01-12 21:15:04','2010-10-04 11:18:13'),(87,87,'labore',142877,NULL,7,'2005-01-25 00:35:07','2011-01-04 14:05:53'),(88,88,'pariatur',53845132,NULL,8,'2002-06-04 02:04:41','1988-01-03 03:43:01'),(89,89,'corporis',8056846,NULL,9,'1978-01-13 11:52:36','1978-11-04 22:34:53'),(90,90,'aperiam',334748064,NULL,10,'1975-08-09 10:45:40','1976-05-27 07:00:36'),(91,91,'non',4,NULL,1,'1975-02-04 18:31:47','1997-03-25 22:23:59'),(92,92,'quo',132,NULL,2,'2018-02-01 00:33:42','2017-03-29 07:18:39'),(93,93,'eaque',5688,NULL,3,'2004-04-12 08:27:01','1997-09-06 05:25:19'),(94,94,'dolor',8584150,NULL,4,'1979-02-04 21:41:59','1992-06-07 08:08:47'),(95,95,'incidunt',16081,NULL,5,'1973-03-31 01:28:24','2010-04-21 20:23:48'),(96,96,'totam',69249,NULL,6,'1996-12-24 18:06:34','1999-10-04 08:28:20'),(97,97,'non',976785,NULL,7,'1999-09-03 20:39:20','1976-09-13 04:41:55'),(98,98,'sequi',415800,NULL,8,'2006-03-23 01:44:01','1971-03-29 12:42:34'),(99,99,'voluptas',98490,NULL,9,'1984-12-06 06:02:06','1985-07-27 13:46:25'),(100,100,'sit',9953057,NULL,10,'2002-07-28 23:37:56','1987-07-02 13:37:20');
/*!40000 ALTER TABLE `media` ENABLE KEYS */;
UNLOCK TABLES;

--
-- Table structure for table `media_types`
--

DROP TABLE IF EXISTS `media_types`;
/*!40101 SET @saved_cs_client     = @@character_set_client */;
/*!40101 SET character_set_client = utf8 */;
CREATE TABLE `media_types` (
  `id` int(10) unsigned NOT NULL AUTO_INCREMENT COMMENT 'Идентификатор строки',
  `name` varchar(255) COLLATE utf8mb4_unicode_ci NOT NULL COMMENT 'Название типа',
  `created_at` datetime DEFAULT current_timestamp() COMMENT 'Время создания строки',
  `updated_at` datetime DEFAULT current_timestamp() ON UPDATE current_timestamp() COMMENT 'Время обновления строки',
  PRIMARY KEY (`id`),
  UNIQUE KEY `name` (`name`)
) ENGINE=InnoDB AUTO_INCREMENT=11 DEFAULT CHARSET=utf8mb4 COLLATE=utf8mb4_unicode_ci COMMENT='Типы медиафайлов';
/*!40101 SET character_set_client = @saved_cs_client */;

--
-- Dumping data for table `media_types`
--

LOCK TABLES `media_types` WRITE;
/*!40000 ALTER TABLE `media_types` DISABLE KEYS */;
INSERT INTO `media_types` VALUES (1,'et','1977-09-03 22:13:47','1979-04-30 11:05:22'),(2,'voluptatem','2018-11-09 20:54:45','1978-12-29 10:07:29'),(3,'quo','1998-03-16 21:18:35','1985-02-28 15:53:56'),(4,'voluptatum','2004-05-20 11:35:33','2004-11-07 10:57:19'),(5,'est','1979-07-25 21:38:34','2016-05-14 10:48:29'),(6,'voluptas','1976-01-10 22:45:13','2019-05-01 03:01:09'),(7,'commodi','1997-07-04 20:11:03','2010-06-13 07:00:38'),(8,'porro','2017-12-07 07:35:55','1973-09-09 10:33:22'),(9,'ex','2009-09-09 19:28:34','1992-08-12 05:49:28'),(10,'alias','2009-02-04 15:01:26','2000-02-04 13:05:17');
/*!40000 ALTER TABLE `media_types` ENABLE KEYS */;
UNLOCK TABLES;

--
-- Table structure for table `messages`
--

DROP TABLE IF EXISTS `messages`;
/*!40101 SET @saved_cs_client     = @@character_set_client */;
/*!40101 SET character_set_client = utf8 */;
CREATE TABLE `messages` (
  `id` int(10) unsigned NOT NULL AUTO_INCREMENT COMMENT 'Идентификатор строки',
  `from_user_id` int(10) unsigned NOT NULL COMMENT 'Ссылка на отправителя сообщения',
  `to_user_id` int(10) unsigned NOT NULL COMMENT 'Ссылка на получателя сообщения',
  `body` text COLLATE utf8mb4_unicode_ci NOT NULL COMMENT 'Текст сообщения',
  `is_important` tinyint(1) DEFAULT NULL COMMENT 'Признак важности',
  `is_delivered` tinyint(1) DEFAULT NULL COMMENT 'Признак доставки',
  `created_at` datetime DEFAULT current_timestamp() COMMENT 'Время создания строки',
  `updated_at` datetime DEFAULT current_timestamp() ON UPDATE current_timestamp() COMMENT 'Время обновления строки',
  PRIMARY KEY (`id`),
  KEY `from_user_id` (`from_user_id`),
  KEY `to_user_id` (`to_user_id`),
  CONSTRAINT `messages_ibfk_1` FOREIGN KEY (`from_user_id`) REFERENCES `users` (`id`),
  CONSTRAINT `messages_ibfk_2` FOREIGN KEY (`to_user_id`) REFERENCES `users` (`id`)
) ENGINE=InnoDB AUTO_INCREMENT=101 DEFAULT CHARSET=utf8mb4 COLLATE=utf8mb4_unicode_ci COMMENT='Сообщения';
/*!40101 SET character_set_client = @saved_cs_client */;

--
-- Dumping data for table `messages`
--

LOCK TABLES `messages` WRITE;
/*!40000 ALTER TABLE `messages` DISABLE KEYS */;
INSERT INTO `messages` VALUES (1,1,1,'Eos eaque eaque quos alias qui. Dolor ut quo explicabo omnis dicta fuga.',0,1,'1989-08-08 12:24:54','2012-02-26 19:17:14'),(2,2,2,'Libero ab eum natus et. Ut reprehenderit minus maxime libero omnis voluptatem ex voluptatibus.',0,0,'2014-08-16 13:40:27','1987-11-29 17:13:36'),(3,3,3,'Illum blanditiis sunt quos aliquid. Ipsam assumenda nihil nesciunt ut consequuntur. Non est eaque veniam et qui.',1,0,'1998-03-10 22:46:51','2000-11-24 05:38:12'),(4,4,4,'Eaque maxime et mollitia. Repellendus culpa unde dolor repellat maxime facere non. Qui odit sunt optio quia neque.',1,0,'2001-11-08 21:21:43','1989-02-22 09:16:34'),(5,5,5,'Laboriosam odio velit maxime eveniet amet. Ex a quasi voluptatem repellat molestias aliquid nobis. Reprehenderit dolor esse iure ab voluptas. Repellat tempore laboriosam dolores recusandae suscipit vitae molestiae voluptas.',1,1,'2007-09-27 19:16:41','1972-05-26 23:50:03'),(6,6,6,'Amet sapiente possimus hic aut provident. Temporibus quia debitis sint vero. Animi quia dolore sed aperiam nihil. Hic et adipisci a labore explicabo et sit explicabo.',1,1,'1976-04-25 12:05:02','2016-06-03 08:13:27'),(7,7,7,'Vel sint distinctio sed deserunt reprehenderit distinctio reiciendis consequatur. Officia sed illum et impedit tenetur optio. Autem culpa et et sapiente ab. Dicta commodi in inventore ex.',1,1,'1971-02-18 07:04:26','1982-02-15 13:17:03'),(8,8,8,'Quia nostrum amet consequatur dolores illum natus modi. Fuga quod suscipit dolorem debitis corporis a cum.',1,1,'1971-12-11 15:45:52','2011-10-29 13:31:48'),(9,9,9,'Sunt a deserunt ut omnis. Dolorem dolores ratione at error dolorum commodi. Labore nobis enim non suscipit.',0,1,'2009-07-12 17:29:46','1976-04-29 05:22:13'),(10,10,10,'Rerum repudiandae est blanditiis non dignissimos enim repellat. Doloribus rerum ratione et et blanditiis soluta. Quam voluptate distinctio quaerat illo. Enim voluptatum veniam ab laborum cumque rerum voluptatem.',1,0,'2020-02-05 13:24:57','1993-08-24 15:56:45'),(11,11,11,'Est voluptatum non architecto occaecati. Ut vitae vitae autem. Iusto pariatur ipsum itaque esse eos dolorum quia.',0,1,'1973-06-18 16:26:23','1983-05-27 05:49:42'),(12,12,12,'Unde et enim in incidunt ut deserunt. Porro dolore eum voluptate animi et quaerat odio.',1,1,'2008-11-23 12:52:18','1999-06-11 18:44:38'),(13,13,13,'Magnam modi voluptatem libero voluptatibus voluptate voluptatibus amet autem. Dolore eum aspernatur excepturi quia pariatur assumenda. Consectetur animi quibusdam expedita omnis laudantium.',1,1,'1988-07-05 08:25:59','1989-12-11 13:08:51'),(14,14,14,'Commodi sit numquam hic quod. Eveniet rerum quibusdam quasi iusto numquam.',1,1,'2003-05-25 22:14:35','1981-01-24 10:59:16'),(15,15,15,'Repellendus beatae debitis esse illo aliquid omnis. Sapiente dolorum eveniet dicta similique libero. Aut et id ut rerum quia non. Sed et animi voluptatem eaque minus.',1,1,'2015-06-10 09:32:21','1975-08-31 17:06:55'),(16,16,16,'Voluptatem magni molestiae et. Rerum doloremque voluptas repellendus et. Velit et consequatur sed.',1,1,'2012-06-18 11:39:07','2008-04-03 20:00:12'),(17,17,17,'Est corporis ea praesentium voluptatem id animi illo. Ab alias iusto laboriosam id quidem. Aut sequi aut culpa necessitatibus.',1,0,'1974-05-28 11:25:03','2011-02-17 19:23:49'),(18,18,18,'Qui eum delectus qui minima omnis quidem qui. Laudantium iste quibusdam ad ad id eius. Voluptatem at quis saepe deserunt. Corrupti qui quos dolor.',0,0,'1982-07-13 22:39:45','2017-03-12 09:29:16'),(19,19,19,'Ut placeat expedita consequatur repudiandae. Facere repellat placeat nam voluptas labore. Cum et ut velit debitis aspernatur amet et. Cupiditate id assumenda quam corporis.',1,1,'1999-04-04 01:45:57','1975-04-30 18:11:03'),(20,20,20,'Dolores corporis voluptas autem voluptatum maiores rem necessitatibus. Laboriosam blanditiis cumque adipisci atque sint. Mollitia ipsam tenetur repellat et numquam. Quia velit est et laboriosam enim.',0,1,'1972-10-14 17:25:32','2018-06-08 14:05:44'),(21,21,21,'Eum sequi similique vel ut. Et dolorem quam porro soluta ea eveniet pariatur. Ipsa sed ratione quia eius cupiditate quia ratione.',1,0,'2001-09-21 18:59:53','2007-06-09 18:44:13'),(22,22,22,'Doloribus aut sint dolorem aut. Commodi expedita aliquid et nihil rerum sed voluptatem. Expedita accusantium voluptatem aspernatur dolor. Quo animi expedita velit eaque autem possimus.',1,1,'2019-08-11 15:00:05','2001-12-23 11:15:03'),(23,23,23,'Neque architecto voluptas quaerat necessitatibus neque. Laboriosam quam accusamus porro dicta quod. Qui laudantium molestiae ratione enim est et. Numquam et exercitationem natus omnis aliquam.',0,1,'2016-10-17 06:55:38','2004-02-08 08:33:36'),(24,24,24,'Perferendis modi veritatis qui est debitis dolorem. Consequuntur voluptatem saepe accusamus aut. Sint maxime non quia eius exercitationem.',1,0,'2000-12-09 18:32:09','1999-05-08 20:17:32'),(25,25,25,'Dolorum similique dolorem dolore exercitationem. Maiores dolorem natus vitae commodi. Dolor laboriosam nostrum ea unde enim et.',0,1,'1983-05-16 15:05:33','1983-12-05 02:53:42'),(26,26,26,'Quo dolor non rerum voluptatum. Ratione aut voluptatum quibusdam sit eligendi. Id accusantium ut illo ut placeat iure.',1,1,'1998-08-12 12:57:33','1988-07-12 21:52:32'),(27,27,27,'Similique voluptatem quia dolore et fugiat et. Numquam sed et pariatur et. Labore aut cupiditate qui dicta quaerat.',0,0,'2000-06-13 10:48:55','1995-04-27 21:52:58'),(28,28,28,'Ut animi eum dicta aut doloremque qui eligendi. Repudiandae temporibus sed perspiciatis voluptas ut. Non beatae accusamus esse magnam ut. Aperiam iste omnis natus ipsa.',1,1,'2011-05-07 04:05:29','1997-07-24 19:02:59'),(29,29,29,'Cumque omnis amet sed nihil. Assumenda velit deserunt omnis soluta laudantium. Illo nihil officiis sint reprehenderit molestias. Beatae eos unde est explicabo eaque. Velit quod tempore repellendus quae atque deserunt non.',1,0,'1976-12-15 08:37:48','2017-05-24 07:12:58'),(30,30,30,'Et fugit dolore occaecati quia quis enim temporibus. Numquam accusantium praesentium sed voluptate. Quaerat qui eligendi ducimus deleniti voluptatem sit ex. Qui natus cumque minima et.',0,1,'2012-12-07 20:46:25','2008-07-03 07:22:19'),(31,31,31,'Assumenda sit cupiditate qui vitae pariatur debitis quaerat. Consequatur aut qui illum minima libero. Dolor illum voluptates qui velit neque ex itaque.',1,0,'2018-12-29 14:21:09','1982-05-07 16:29:23'),(32,32,32,'Ex quas voluptas molestiae vel corporis libero fugiat ut. Voluptate quam autem rerum in. Aut vitae animi nesciunt placeat ad hic soluta. Nihil et aliquam necessitatibus accusantium nobis distinctio non.',0,0,'1983-03-31 00:30:33','1998-08-30 00:23:57'),(33,33,33,'Et nemo accusantium voluptatem quis et rerum. Recusandae similique voluptas reprehenderit sit est. Laboriosam temporibus doloribus voluptatem debitis rerum.',0,1,'2005-10-11 05:14:14','1986-10-29 13:33:34'),(34,34,34,'Qui iusto provident aut qui odio minima quis. Esse autem iste ab repellat hic excepturi similique et. Labore qui dicta ratione tenetur omnis. Ipsum et doloremque delectus voluptatem id repudiandae est. Voluptatem doloremque ad inventore.',0,0,'1984-10-06 20:23:29','1991-02-18 01:18:40'),(35,35,35,'Commodi non quia esse ipsa ex vel eveniet natus. Velit perferendis modi dolores consequatur rem vel. Repudiandae et velit vitae est.',0,1,'2011-12-16 22:40:40','2002-10-29 04:22:45'),(36,36,36,'Aut ut sed qui eveniet. Quod sed nulla esse fugit et omnis. Laboriosam exercitationem vel consequatur sunt porro et. At expedita laborum est doloremque aut. Consectetur iste rem eos.',1,1,'2013-07-16 03:27:51','2004-12-02 05:04:40'),(37,37,37,'Omnis et perspiciatis aliquam ut ad ut quidem rerum. Voluptate sunt quo quis. Deleniti excepturi nihil nemo numquam. Vel vel reiciendis quia error totam adipisci ratione. Laudantium aut nemo enim placeat quasi commodi praesentium.',0,1,'2002-08-28 16:43:59','1986-09-22 05:41:27'),(38,38,38,'Ea aspernatur ex consequuntur omnis omnis at soluta. Nemo nulla ut placeat minima est provident officia. Quo cumque omnis laboriosam asperiores at deserunt nobis. Est blanditiis et ipsum doloremque officia magnam.',1,1,'2019-04-13 14:00:25','1978-03-01 15:08:27'),(39,39,39,'Sit eos aliquam tempore enim esse iusto. Libero ut hic harum voluptates vel aliquid accusantium. Esse natus esse suscipit tempore. Dolore temporibus nulla modi sit quisquam tempora quisquam. Eos error dolor non aut.',1,1,'1987-04-24 20:22:25','1985-03-02 05:29:11'),(40,40,40,'Alias fugit vel exercitationem sit incidunt. Dolor cum delectus error quia eligendi.',0,0,'1978-11-08 16:10:22','1992-08-14 17:06:19'),(41,41,41,'Quidem numquam et repellat dignissimos ut molestias vero. Et facere ex iusto aspernatur vel maxime consectetur. Non ut est rerum impedit impedit repudiandae quod. Nulla debitis quasi sed.',1,1,'1987-11-30 13:17:17','2002-01-26 20:10:32'),(42,42,42,'Occaecati quaerat aut est saepe iste beatae. Commodi vel ipsam similique vero aut qui sint. Aut quia omnis tempora dolorem temporibus totam ut. Quae veniam nemo non voluptatem sint nemo.',1,1,'2000-03-22 11:42:05','1986-05-06 01:27:31'),(43,43,43,'Ut odit beatae cumque molestiae itaque. Totam in provident pariatur. Aut quos autem totam quo. Sed iusto recusandae occaecati ipsam.',0,0,'2019-02-21 13:45:00','1979-03-24 15:30:29'),(44,44,44,'Tenetur consectetur aliquam voluptate est cupiditate odio sed. Temporibus voluptatem necessitatibus quisquam doloremque. Quisquam cupiditate at quam perspiciatis accusantium voluptatem et.',0,1,'1972-03-23 11:58:21','2001-05-06 16:38:55'),(45,45,45,'Iusto voluptatem voluptatem ipsum dolorem similique id. Soluta necessitatibus error iusto mollitia iusto. Enim reiciendis recusandae accusantium perferendis dolores harum suscipit.',1,0,'2019-03-24 01:11:04','2003-08-21 15:51:38'),(46,46,46,'Voluptas et illo vitae veritatis doloribus ad non quisquam. Voluptas ut enim eaque harum. Id consequatur quaerat accusamus odit.',1,0,'1970-08-09 10:18:05','2018-02-09 23:16:24'),(47,47,47,'Exercitationem suscipit eum dolorem. Molestiae maxime et occaecati consequatur. Error inventore optio reiciendis quia et quo dignissimos.',1,1,'2006-08-30 18:32:33','1974-05-29 19:48:44'),(48,48,48,'Unde est vitae est libero. Et possimus quis harum. Praesentium quo ratione ut aut odit est. Qui et perferendis omnis tempore rerum quidem et magni.',0,1,'1993-07-26 12:16:48','2018-03-29 14:35:41'),(49,49,49,'Facere fugit porro et ut quisquam repellat. Ut cum reprehenderit ipsa delectus aut praesentium. Qui quidem reiciendis quisquam eveniet officiis qui. Occaecati et ut ullam voluptas dolor rerum. Qui similique possimus corrupti quo.',0,0,'1984-04-23 00:11:58','1985-08-03 06:04:13'),(50,50,50,'Quis est eos officiis soluta eos. Non quo voluptatem et non et. Rerum blanditiis qui molestiae consequuntur qui ut a ipsam.',1,0,'1991-08-08 08:09:07','2009-11-06 11:15:07'),(51,51,51,'Minima sint et nihil sunt possimus quo. Et fugiat non qui optio provident. Quia aut blanditiis ea impedit soluta voluptates. Voluptatum ex sunt architecto nihil.',0,1,'2015-01-11 15:11:31','1986-03-16 22:15:39'),(52,52,52,'Odio voluptates animi voluptatem numquam dolore libero ullam. Aperiam eaque quae ut voluptatem nisi. Occaecati blanditiis illo corporis debitis sunt. Aliquid vitae error et suscipit accusantium accusantium. Est porro quae est in maiores delectus cum minima.',1,0,'1993-01-10 23:25:19','1979-05-30 09:07:42'),(53,53,53,'Ipsam et quas facilis soluta asperiores ut consequuntur. Accusantium omnis ut ut quia at.',1,0,'1995-09-03 07:00:39','2016-12-28 08:26:55'),(54,54,54,'Sit iure maxime atque eum rerum dolor fuga debitis. Error facere ad aut aut sit veniam eum. Saepe ducimus fuga dicta. Illum voluptas et consequatur harum. Consequatur sit itaque in id in id.',0,1,'2004-07-17 20:44:08','2006-12-27 12:58:55'),(55,55,55,'Autem laudantium recusandae sapiente esse excepturi. Veniam nihil dolorem iure mollitia ea quo a. Iusto veritatis sint tempora.',0,0,'2002-05-10 07:09:00','1995-07-05 00:19:50'),(56,56,56,'Rerum praesentium minima excepturi explicabo sequi eos odio. Voluptas numquam aut unde natus reprehenderit quasi unde. Deserunt quas velit fuga non perspiciatis.',1,1,'2005-08-17 12:50:39','1973-11-07 20:31:07'),(57,57,57,'Dignissimos quaerat totam quia eum ea deserunt. Earum praesentium molestias eum dolor asperiores quis. Unde qui quidem corporis ab adipisci facilis iure.',0,0,'1973-11-02 15:30:45','1998-05-03 18:14:53'),(58,58,58,'Dolor ea molestias odit quis quis corporis molestiae ut. Consequatur est veniam cupiditate occaecati. Aspernatur quibusdam qui maxime sunt neque nesciunt. Quod dolorum aspernatur consectetur deleniti ab voluptatem a animi.',1,1,'1990-12-30 04:16:07','1989-05-20 01:27:42'),(59,59,59,'Quod et velit velit. Voluptatem qui sapiente natus. Odio officia aut qui et. Sint praesentium tempora voluptatem tempore aspernatur.',1,1,'2018-01-15 14:21:15','2002-10-22 04:01:51'),(60,60,60,'Modi voluptatum molestiae perspiciatis ut consequatur voluptatem molestias sequi. Aut molestiae est eligendi nobis est eaque iste. Cumque amet distinctio asperiores nihil excepturi quae.',0,0,'1992-03-02 10:13:36','1986-10-31 11:03:45'),(61,61,61,'Omnis molestiae architecto tenetur qui. Nihil sequi ex qui laboriosam sint aliquid aut non.',1,1,'1970-01-05 17:24:15','2010-09-01 10:07:11'),(62,62,62,'Quo maiores minus laboriosam blanditiis quia dolore id. Nihil quaerat minus similique est sit iste repudiandae. Delectus debitis voluptates voluptatem excepturi natus quia. Quod ipsa optio ea est.',0,1,'2010-07-28 08:56:31','1971-05-13 15:17:57'),(63,63,63,'Sed et illum pariatur explicabo vitae odit pariatur. Distinctio sapiente voluptatem quia qui. Ratione et omnis alias fugiat optio.',1,1,'1983-07-19 03:03:27','1989-03-12 15:40:44'),(64,64,64,'Sit aut aut est facilis. Commodi nulla et consequatur eveniet. Distinctio quo nihil libero id neque sit et.',0,1,'1980-10-04 13:06:01','1992-08-22 19:52:10'),(65,65,65,'Exercitationem itaque ut asperiores quae dolor culpa magni. Tempore quod et est ducimus maiores sunt sit. Quis laudantium ut nemo a. Eos id nihil exercitationem officiis pariatur temporibus.',0,0,'1978-09-11 19:33:20','1976-07-20 22:28:06'),(66,66,66,'Sunt et molestiae inventore assumenda et qui magnam. Hic laudantium consequatur in iure voluptates omnis autem.',0,1,'1993-07-15 17:12:54','2013-01-14 17:11:43'),(67,67,67,'Quos dolores ea recusandae numquam similique. Quia unde cum distinctio qui. Et expedita excepturi rerum veniam.',1,1,'1985-06-22 08:55:55','2001-10-30 07:48:33'),(68,68,68,'Ut magni hic velit nobis et. Et voluptates iste alias aut ratione laudantium. Eveniet cupiditate et id perferendis.',0,1,'2009-11-27 02:13:55','1972-05-05 06:31:42'),(69,69,69,'Autem architecto et dignissimos quis commodi animi architecto. Aut sequi et labore dolor possimus. Ducimus nihil impedit esse facere quia maxime dolorem.',0,1,'2011-04-28 11:15:07','1999-04-17 02:36:58'),(70,70,70,'Nihil ut sit quibusdam doloremque id hic. Perferendis inventore voluptas praesentium quos. Iste eveniet fugit autem.',1,0,'2005-06-23 14:45:27','1996-05-08 22:21:39'),(71,71,71,'Non eveniet enim dolorum cupiditate aspernatur harum. Ipsa corrupti qui totam fugit accusamus voluptatem. Tenetur expedita dolore rem iure.',1,1,'1995-10-15 18:36:40','2004-03-16 09:54:04'),(72,72,72,'Molestiae omnis sunt corporis doloribus. Est in voluptatum molestiae vitae iste saepe et.',1,0,'1977-01-22 22:32:48','1981-03-24 06:46:25'),(73,73,73,'In quia eaque nisi nulla quo aut. Culpa aperiam quia optio dolore eius accusamus. Aut excepturi error est dignissimos.',0,0,'1993-03-01 10:37:08','1975-04-30 15:55:40'),(74,74,74,'Doloremque qui suscipit est sed laboriosam necessitatibus id mollitia. Aut veritatis facere ad non aut omnis.',0,0,'1990-06-05 11:35:16','2020-08-31 19:04:01'),(75,75,75,'Veniam debitis quia quo aut. Fugit voluptas nostrum dolor dolor et quia odio. Autem assumenda voluptatum ratione dolorem accusamus.',0,0,'2001-06-24 03:36:04','1991-03-31 13:40:13'),(76,76,76,'At quo exercitationem aut consequatur. Et doloremque dolorum exercitationem delectus nemo consequuntur voluptatem culpa. Nihil qui sint omnis tenetur facere repudiandae asperiores.',1,1,'1984-07-12 02:29:54','1970-11-17 13:02:26'),(77,77,77,'Fugiat et ipsa et. Incidunt voluptatem quia rerum voluptas officiis aperiam voluptatum. Explicabo eligendi eum fuga qui minus. Deserunt in sit eligendi velit natus quibusdam.',1,1,'1977-12-14 23:34:42','2015-11-15 01:17:18'),(78,78,78,'Reiciendis porro dolorem facilis eaque saepe sed. Vel modi quia eos unde ut dolor. Voluptatem molestiae enim libero reiciendis. Sunt sint non minima est.',1,1,'2003-09-17 16:29:42','1990-07-10 15:39:23'),(79,79,79,'Sunt mollitia voluptates dolorum et ut et aut. Ullam qui consectetur tempora quidem a harum eos. Atque eligendi hic unde repellendus voluptate sed nihil voluptas.',0,1,'2015-09-20 01:44:08','2009-10-25 06:17:05'),(80,80,80,'Necessitatibus eius sit excepturi quasi voluptatum quo et. Et ea doloremque adipisci ipsa. Sit possimus quia atque soluta quisquam deleniti.',1,0,'2011-04-02 08:28:46','1974-08-17 19:29:56'),(81,81,81,'Nihil quae et qui est sunt. Sint dolor ut tempora tempora molestiae. Cum cum inventore qui ut fugit.',1,0,'1988-09-01 19:36:21','2020-11-15 12:55:07'),(82,82,82,'Placeat consequatur dolor temporibus laudantium culpa. Repudiandae voluptas asperiores tempore sit dignissimos distinctio.',1,0,'2006-06-25 22:22:08','1975-01-31 13:33:31'),(83,83,83,'Pariatur nostrum dolorum est minima. Consequatur beatae sunt sed quis voluptas. Consequatur corrupti minus quo sequi culpa. Minima eum sunt deleniti ipsa.',0,0,'1982-12-13 02:22:15','1989-11-30 15:50:53'),(84,84,84,'Et voluptas natus tenetur veritatis. Non tempora culpa unde voluptatem esse non facere.',1,0,'1992-03-24 22:06:25','1977-09-19 03:18:48'),(85,85,85,'Unde fuga doloremque accusamus incidunt. Est perferendis accusantium et odio. Iste et voluptatibus sed commodi velit doloremque.',1,0,'2005-07-14 10:56:45','1996-09-16 01:59:33'),(86,86,86,'Voluptatibus quam quia error. Earum eos assumenda earum mollitia. Adipisci id molestiae voluptate tempora.',1,1,'1983-10-27 04:53:44','2011-06-30 11:30:14'),(87,87,87,'Deserunt a aut nostrum suscipit quis consequatur voluptates reprehenderit. Et molestiae tempore quo. Excepturi sunt quas quaerat magni minus repudiandae voluptas.',1,0,'1998-06-02 14:35:04','1981-01-30 01:25:18'),(88,88,88,'Inventore corporis necessitatibus dolor quis aut numquam. Iusto sit ipsum tempore optio.',0,0,'1989-09-06 14:21:21','2011-12-16 22:57:00'),(89,89,89,'In et unde saepe vitae quisquam consequuntur ut provident. Ducimus dolores amet fuga voluptatibus et voluptates minima. Quaerat distinctio illo eum consequatur.',0,1,'1972-08-14 01:44:41','1998-05-19 05:45:05'),(90,90,90,'Possimus eveniet quia ipsum. Reiciendis in ipsam enim nihil quisquam laborum non. Minima minima facilis vero ipsa rerum. Et explicabo quas laborum id porro eum. Sequi omnis soluta soluta ut id.',0,0,'1990-04-18 12:43:14','2016-10-09 14:55:27'),(91,91,91,'Ab porro hic eum et. Sunt sapiente et vero quia officia aliquid.',1,1,'2019-06-08 13:06:10','2016-08-24 00:06:22'),(92,92,92,'Ea expedita magnam veritatis dolor placeat sed. Nemo reprehenderit veniam est quaerat voluptatem. Iste dolorem quo officiis impedit illo.',1,0,'2016-11-11 13:23:57','2000-05-21 21:30:17'),(93,93,93,'Commodi recusandae officiis ullam rerum. Temporibus sed explicabo dolorem veritatis. Ratione dolores illo eius quisquam omnis ipsa.',0,1,'1973-06-15 04:18:09','1981-06-14 08:34:27'),(94,94,94,'Laborum alias dolor amet consequatur quia. Et aut distinctio sunt. Doloribus non repellendus at id magnam assumenda incidunt in.',0,0,'2006-11-05 23:10:40','1990-01-20 09:35:56'),(95,95,95,'Saepe earum quis iusto ea. Eos ipsum ipsam magni ad quod ratione. Omnis quis voluptatem libero. Mollitia rerum distinctio aut sunt in repudiandae non.',0,1,'1984-10-13 03:06:49','2004-03-27 19:14:31'),(96,96,96,'Voluptatum consequuntur assumenda quod incidunt rem. Vel adipisci aperiam sapiente omnis architecto. Nihil debitis voluptatem explicabo autem ullam voluptatem.',1,1,'1998-02-22 17:09:16','1975-12-12 06:10:26'),(97,97,97,'Ut quo ducimus ut perferendis voluptate deleniti dolorem omnis. Quia sequi assumenda sunt voluptatem et. Voluptatem magni est unde eos.',1,1,'1997-05-25 13:53:50','1980-11-25 21:05:15'),(98,98,98,'Doloremque voluptas at sequi dolore ab magnam eveniet. Quis explicabo non qui distinctio explicabo vel. Consequatur quod officiis delectus ducimus quisquam ea. Culpa minus assumenda quo earum consequatur est.',0,1,'2001-03-29 17:05:38','2016-02-20 01:46:41'),(99,99,99,'Fugiat ex rerum eveniet quisquam esse vitae ut. Esse consequatur dolores et vel ipsa. Sed possimus esse optio porro et. Similique commodi ut consequatur porro voluptas incidunt quod.',0,0,'2010-05-02 04:38:08','2014-10-27 17:23:31'),(100,100,100,'Ut sit asperiores autem ratione. Distinctio neque cum ratione in veritatis dolores est. Ab iusto sint sunt sit. Reiciendis quo est minus quisquam veniam.',0,1,'2005-07-10 13:15:40','1975-07-18 11:31:22');
/*!40000 ALTER TABLE `messages` ENABLE KEYS */;
UNLOCK TABLES;

--
-- Table structure for table `profiles`
--

DROP TABLE IF EXISTS `profiles`;
/*!40101 SET @saved_cs_client     = @@character_set_client */;
/*!40101 SET character_set_client = utf8 */;
CREATE TABLE `profiles` (
  `user_id` int(10) unsigned NOT NULL COMMENT 'Ссылка на пользователя',
  `gender` char(1) COLLATE utf8mb4_unicode_ci NOT NULL COMMENT 'Пол',
  `birthday` date DEFAULT NULL COMMENT 'Дата рождения',
  `photo_id` int(10) unsigned DEFAULT NULL COMMENT 'Ссылка на основную фотографию пользователя',
  `status` varchar(30) COLLATE utf8mb4_unicode_ci DEFAULT NULL COMMENT 'Текущий статус',
  `city` varchar(130) COLLATE utf8mb4_unicode_ci DEFAULT NULL COMMENT 'Город проживания',
  `country` varchar(130) COLLATE utf8mb4_unicode_ci DEFAULT NULL COMMENT 'Страна проживания',
  `created_at` datetime DEFAULT current_timestamp() COMMENT 'Время создания строки',
  `updated_at` datetime DEFAULT current_timestamp() ON UPDATE current_timestamp() COMMENT 'Время обновления строки',
  PRIMARY KEY (`user_id`),
  CONSTRAINT `profiles_ibfk_1` FOREIGN KEY (`user_id`) REFERENCES `users` (`id`) ON DELETE CASCADE ON UPDATE CASCADE
) ENGINE=InnoDB DEFAULT CHARSET=utf8mb4 COLLATE=utf8mb4_unicode_ci COMMENT='Профили';
/*!40101 SET character_set_client = @saved_cs_client */;

--
-- Dumping data for table `profiles`
--

LOCK TABLES `profiles` WRITE;
/*!40000 ALTER TABLE `profiles` DISABLE KEYS */;
INSERT INTO `profiles` VALUES (1,'','1983-08-31',NULL,'Quos maxime dolorum qui error ','New Evangeline','7','1974-05-07 08:28:13','1987-07-29 08:19:34'),(2,'','1997-05-02',NULL,'Corporis ratione necessitatibu','Lake Robb','','1970-10-27 01:50:17','2005-02-08 13:41:13'),(3,'','1994-01-01',NULL,'Aspernatur aut reiciendis quas','Katelynnview','52863','2009-03-26 02:32:54','2004-11-04 04:35:16'),(4,'','1999-07-11',NULL,'Sed et et eius aut vel nesciun','Donnellfort','7722','2005-04-23 08:08:30','2005-05-06 22:11:28'),(5,'','2004-12-23',NULL,'Maxime voluptates consequatur ','Osinskiport','197233816','1988-12-31 21:18:28','2009-07-09 11:29:12'),(6,'','2012-01-13',NULL,'Nobis animi et atque rerum. Un','New Loyce','817','1971-11-27 08:54:10','2003-11-29 00:59:05'),(7,'','2019-03-25',NULL,'Dolores laudantium quod repell','Boehmview','11858305','1973-04-19 09:54:14','1978-07-15 04:54:23'),(8,'','1971-02-21',NULL,'Libero numquam quis dicta dolo','Elfriedaside','7584','1970-01-02 20:12:20','2018-11-07 19:56:37'),(9,'','1983-12-25',NULL,'Ex repellendus harum repudiand','Leschchester','378854','1984-10-13 08:00:14','1996-09-03 12:35:35'),(10,'','2010-06-29',NULL,'Et amet officiis saepe blandit','Port Bradlyport','193','2007-12-02 08:53:02','2007-09-30 06:44:37');
/*!40000 ALTER TABLE `profiles` ENABLE KEYS */;
UNLOCK TABLES;

--
-- Table structure for table `users`
--

DROP TABLE IF EXISTS `users`;
/*!40101 SET @saved_cs_client     = @@character_set_client */;
/*!40101 SET character_set_client = utf8 */;
CREATE TABLE `users` (
  `id` int(10) unsigned NOT NULL AUTO_INCREMENT COMMENT 'Идентификатор строки',
  `first_name` varchar(100) COLLATE utf8mb4_unicode_ci NOT NULL COMMENT 'Имя пользователя',
  `last_name` varchar(100) COLLATE utf8mb4_unicode_ci NOT NULL COMMENT 'Фамилия пользователя',
  `email` varchar(100) COLLATE utf8mb4_unicode_ci NOT NULL COMMENT 'Почта',
  `phone` varchar(100) COLLATE utf8mb4_unicode_ci NOT NULL COMMENT 'Телефон',
  `created_at` datetime DEFAULT current_timestamp() COMMENT 'Время создания строки',
  `updated_at` datetime DEFAULT current_timestamp() ON UPDATE current_timestamp() COMMENT 'Время обновления строки',
  PRIMARY KEY (`id`),
  UNIQUE KEY `email` (`email`),
  UNIQUE KEY `phone` (`phone`)
) ENGINE=InnoDB AUTO_INCREMENT=101 DEFAULT CHARSET=utf8mb4 COLLATE=utf8mb4_unicode_ci COMMENT='Пользователи';
/*!40101 SET character_set_client = @saved_cs_client */;

--
-- Dumping data for table `users`
--

LOCK TABLES `users` WRITE;
/*!40000 ALTER TABLE `users` DISABLE KEYS */;
INSERT INTO `users` VALUES (1,'Troy','Effertz','uo\'kon@example.org','822-368-8501','1997-09-09 11:21:13','2021-02-08 03:03:04'),(2,'Therese','Senger','yhudson@example.com','664.785.2951x09061','1995-07-04 20:54:24','2001-10-30 11:03:47'),(3,'Hermann','Kulas','lubowitz.charlene@example.net','(496)475-8455','2001-05-15 03:33:20','1987-03-27 20:23:53'),(4,'Verner','Weber','nledner@example.org','1-288-101-0288','2002-06-03 02:57:05','1981-08-12 17:05:20'),(5,'Murl','Effertz','gsmitham@example.net','1-189-818-3919','2020-05-07 19:52:57','1993-08-29 14:08:44'),(6,'Bette','Barton','rahul.johns@example.net','1-814-138-4663x5003','1994-11-27 19:54:27','1971-09-10 11:15:14'),(7,'Katheryn','Corwin','shania67@example.org','1-614-902-2316','1988-08-09 21:21:30','1976-09-05 06:16:14'),(8,'Mozell','Mayer','kiehn.bartholome@example.org','1-836-424-3526x159','2004-10-10 22:00:50','1977-08-01 22:57:11'),(9,'Jennyfer','Beatty','ratke.alexis@example.net','(690)759-8988','2016-01-01 08:17:02','1982-12-08 10:22:00'),(10,'Nelda','Labadie','krystal26@example.net','1-946-468-7752','1984-01-03 23:30:29','2006-05-01 03:04:20'),(11,'Lauriane','Fadel','fahey.augustus@example.com','+48(9)6661902934','1984-09-09 20:32:47','2008-10-12 11:06:05'),(12,'Xzavier','Ondricka','ntowne@example.com','840.825.0542x47949','2017-12-07 15:34:27','1999-03-28 16:22:29'),(13,'Keith','Zboncak','veronica.conn@example.com','275-673-8864x08476','1988-12-16 02:36:59','1999-03-15 20:17:07'),(14,'Rosalia','Abbott','tyra77@example.net','(703)527-7722x61602','2001-03-17 07:31:27','2011-05-12 09:18:38'),(15,'Jan','Mosciski','schuppe.leif@example.net','231-539-3766x7722','1985-01-15 01:28:04','2018-12-31 07:33:36'),(16,'Alexandro','Kohler','tkuvalis@example.net','(153)986-2888','1992-06-02 21:00:28','1999-10-04 14:51:05'),(17,'Abigale','Johnston','merle08@example.com','211-735-9037','2003-02-18 06:35:01','1993-01-15 21:43:38'),(18,'Alfreda','Hand','fruecker@example.com','766.532.4618x656','1995-07-13 05:07:07','1992-04-23 12:12:27'),(19,'Sarai','Schowalter','tremblay.jonatan@example.net','(637)500-6092x83437','2016-01-19 03:43:54','2008-07-08 05:59:12'),(20,'Laron','Franecki','critchie@example.com','763-576-3723x7952','2016-09-23 04:08:36','2006-06-17 03:11:41'),(21,'Kaela','Kautzer','gupton@example.com','+90(0)8497421080','1992-09-20 12:43:15','1986-07-03 02:59:52'),(22,'Aditya','Bashirian','becker.celine@example.org','1-262-197-9764','2010-08-27 21:12:30','1970-02-16 10:37:45'),(23,'Jefferey','Crist','martine50@example.com','(564)716-3699','1991-10-26 01:37:15','2012-04-27 14:20:21'),(24,'Brent','Koss','bo\'reilly@example.org','+26(5)4949165474','2016-03-23 12:15:59','1971-06-19 12:55:09'),(25,'Arianna','Hermiston','woodrow.carter@example.net','258.942.5054','1982-06-01 18:43:34','1983-07-01 07:44:44'),(26,'Ceasar','Nolan','elvie.abbott@example.net','1-284-541-0728x87665','1990-03-11 09:19:19','2014-07-02 12:12:15'),(27,'Joelle','Hilpert','bria.moen@example.net','470-759-5989','1982-08-10 03:25:02','1986-06-14 09:53:18'),(28,'Nettie','Kozey','hpfannerstill@example.org','08757573981','2015-03-21 06:24:54','2005-07-26 02:33:55'),(29,'Retha','Connelly','kelli.hudson@example.com','00276160474','2013-08-19 10:00:50','1976-04-18 06:37:28'),(30,'Christine','Lowe','kkuphal@example.net','+91(4)5178272778','2010-07-02 02:52:58','2017-09-24 21:55:22'),(31,'Lina','Becker','pietro79@example.com','(072)860-5611x250','1981-07-20 08:28:10','2018-09-30 15:02:51'),(32,'Eleazar','Gutkowski','nicholaus42@example.net','284.373.6474','2012-03-21 08:22:44','1980-07-01 04:34:56'),(33,'Amalia','O\'Connell','nitzsche.rowan@example.org','051.325.6401x763','1993-12-14 05:59:31','2014-02-16 11:21:38'),(34,'Carlo','Olson','dietrich.sabryna@example.org','338-226-2882','1980-02-02 10:14:55','2017-05-19 05:02:11'),(35,'Bradford','Hodkiewicz','amber57@example.com','(384)593-8983x92294','2011-03-01 02:41:38','1977-11-25 05:15:13'),(36,'Lance','Hills','zulauf.meaghan@example.com','1-323-083-9045x17702','2020-10-22 17:29:31','2015-07-20 12:53:24'),(37,'Samson','Kuvalis','zmitchell@example.com','348-953-7548','1996-08-12 13:31:41','1992-03-29 10:57:19'),(38,'Eugenia','Beer','leland.jast@example.com','694.502.4545x10752','1978-07-19 02:56:39','2011-02-09 02:20:17'),(39,'Katrina','Schumm','shaylee20@example.net','172-003-2452','1998-09-28 05:05:47','2010-08-15 22:34:37'),(40,'Thurman','Parisian','schmidt.antoinette@example.org','1-396-866-5596x887','1981-02-12 03:24:37','1977-06-12 03:16:06'),(41,'Nikolas','Dach','tyrel.nolan@example.net','(018)893-5890','1988-05-10 07:02:30','1979-02-18 22:16:28'),(42,'Martina','Olson','kautzer.alanna@example.com','1-057-366-5139x43676','1979-11-20 03:09:02','1987-04-02 00:04:00'),(43,'Okey','Harvey','harvey.sammie@example.net','+91(1)0127624356','2017-04-19 03:13:06','2014-06-23 04:15:16'),(44,'Glen','Turcotte','sarai48@example.net','1-947-642-2113x42610','2006-05-07 00:30:32','1979-04-05 01:05:47'),(45,'Bobby','Lockman','gibson.holden@example.org','+03(1)8126891040','1990-04-01 23:19:58','2010-01-20 16:21:31'),(46,'Leone','Haag','cassin.makenzie@example.com','06772627479','1981-02-10 02:50:12','2010-12-02 23:39:01'),(47,'Cade','D\'Amore','alfred.torp@example.net','(087)084-3945x40202','1997-08-28 19:29:11','1970-04-22 13:20:19'),(48,'Flavio','Cruickshank','johnson30@example.net','975-720-0103x2949','1996-06-28 18:38:29','1982-08-14 19:43:16'),(49,'Gerald','Langworth','isabelle92@example.com','010.133.6316','1995-08-23 19:51:50','2016-01-15 06:19:56'),(50,'Carmella','Bernier','zjohns@example.org','1-411-862-8327','1996-10-15 00:57:36','1987-07-30 11:03:47'),(51,'Alec','Ondricka','bulah55@example.org','01863831683','2007-01-14 08:39:02','1988-12-31 09:39:07'),(52,'Harley','Green','torphy.rylan@example.org','633.911.6804','1974-07-11 05:27:13','2020-01-22 12:21:34'),(53,'Keanu','Eichmann','willms.reta@example.org','419.249.5385x4185','1986-10-14 11:12:00','1978-04-04 23:04:14'),(54,'Cameron','Wolf','doyle.orlo@example.org','422-679-2125','2019-04-01 08:59:22','1987-10-31 15:04:44'),(55,'Hettie','Mohr','scotty.gerlach@example.org','988-823-3331x40422','1976-02-21 02:25:52','1995-05-26 20:09:52'),(56,'Vena','Feeney','billy.cummings@example.org','1-973-991-6621x023','1976-10-15 04:03:05','1999-07-14 15:13:18'),(57,'Ernestine','Heidenreich','sleuschke@example.net','641.879.1986','2018-07-12 06:08:19','1986-08-11 04:45:35'),(58,'Thaddeus','Hilll','delmer.schoen@example.org','673.694.2756x2802','1976-12-12 06:48:06','2004-01-28 01:36:06'),(59,'Jeffrey','Pfeffer','rogahn.jeramy@example.org','+03(4)8070530578','2002-05-24 08:17:09','2004-07-18 18:37:34'),(60,'Heloise','Hilll','baron72@example.org','838.067.4004x016','2013-05-15 04:10:43','1998-02-09 04:48:51'),(61,'Viola','Kohler','micah.gleichner@example.org','1-822-004-4920x06171','1988-06-13 04:45:14','1992-02-10 15:48:46'),(62,'Vincenzo','Roob','noemi08@example.net','1-095-696-9097x5941','1994-08-08 08:00:57','2011-06-15 21:17:23'),(63,'Effie','Bergstrom','lorenz.schmitt@example.net','1-334-446-8993x0744','1986-09-15 00:28:43','1972-11-22 23:23:56'),(64,'Ewald','Johnston','koss.ike@example.net','(543)728-3355x6135','2015-02-20 04:48:25','2003-04-03 14:27:57'),(65,'Zoe','Tillman','koepp.sydnee@example.com','636-604-0692x114','2021-02-17 02:23:59','2010-03-27 23:05:44'),(66,'Georgianna','Lang','sherwood79@example.org','(236)317-4991','1973-01-29 01:19:58','2002-02-27 07:27:48'),(67,'Wendell','Greenholt','oberbrunner.zetta@example.org','1-744-445-2533x8938','2013-06-18 04:47:04','1988-04-06 07:37:29'),(68,'Grover','Weissnat','bosco.norma@example.org','1-616-762-3149','2006-01-23 02:39:02','1994-08-12 20:23:54'),(69,'Precious','Powlowski','xschimmel@example.org','1-211-941-6154x123','1982-04-08 03:36:23','2010-04-20 02:31:34'),(70,'Lavern','Wolf','jamel.langworth@example.com','519-798-2465','1998-03-19 11:37:04','1970-01-07 14:51:04'),(71,'Aiden','Will','xkuhic@example.net','533-565-1273x364','1999-08-25 02:18:11','2001-11-19 11:58:36'),(72,'Korey','Rice','zemlak.catherine@example.com','(163)629-1849x27720','2001-01-21 03:12:53','2010-04-30 23:23:09'),(73,'Abdullah','Treutel','towne.luciano@example.org','713.906.7444x651','2009-12-21 08:01:08','1988-03-14 19:12:24'),(74,'Craig','Yost','elnora.kovacek@example.net','125.782.7548','1987-01-29 10:48:08','2021-01-27 23:14:18'),(75,'Liana','Huel','awilderman@example.com','678-675-3839x074','2006-06-24 09:17:08','2009-04-10 11:25:15'),(76,'Brielle','Heidenreich','morgan82@example.net','281-822-7823x9336','1996-10-31 01:20:43','2011-01-26 13:04:00'),(77,'Harmony','Eichmann','lavada48@example.net','283.559.9503','2004-08-18 10:59:33','1997-01-29 09:40:14'),(78,'Deangelo','Mante','grant.cassandra@example.net','524-882-6514x73459','1981-09-18 13:56:54','1991-12-24 17:55:20'),(79,'Juanita','Rempel','otillman@example.net','154-665-4825','2014-07-11 01:16:06','1993-11-02 08:00:47'),(80,'Martine','Runolfsson','ashlynn50@example.net','02695637239','2002-12-06 00:32:32','1977-11-04 03:14:23'),(81,'Chance','Roberts','hartmann.janiya@example.org','1-577-607-3884x0130','2002-08-22 04:02:27','1976-07-16 08:28:23'),(82,'Samara','Lind','felix81@example.net','166.964.4696x334','1989-08-25 23:54:25','1990-07-08 22:18:06'),(83,'Josie','DuBuque','kutch.danny@example.com','(623)722-3452x076','2000-08-05 06:02:41','1990-06-16 07:11:13'),(84,'Cordelia','Kunde','okessler@example.net','391.818.3971x741','2020-02-11 11:11:33','2000-04-16 10:20:35'),(85,'Andreanne','O\'Keefe','toby.leffler@example.net','+75(5)3469079423','2007-08-05 11:01:01','1998-03-11 12:34:33'),(86,'Tyra','Heller','ila.heathcote@example.com','+64(8)1152176489','1989-11-13 00:05:02','1986-09-03 02:03:54'),(87,'Francesca','Huels','erica39@example.org','(346)549-2179x51604','1999-06-19 06:23:59','2011-02-17 06:07:10'),(88,'Stewart','Rutherford','kole56@example.org','(259)165-4986x50966','1987-05-09 23:55:52','2019-03-20 23:45:33'),(89,'Leopold','Rogahn','oschmeler@example.com','1-673-668-8779','1997-12-03 22:50:17','1972-08-21 03:02:35'),(90,'Darron','Schowalter','tyler92@example.org','348.303.0765','1990-07-29 12:31:59','1975-06-05 22:28:17'),(91,'Colt','Schamberger','abbigail.pfannerstill@example.org','1-131-653-8862x4691','1986-03-19 22:28:18','1987-12-07 00:55:57'),(92,'Wade','Beatty','wilhelmine50@example.net','1-507-648-6329x722','1995-09-23 18:42:23','1985-01-04 02:58:05'),(93,'Betty','Gibson','eric.connelly@example.org','+98(5)3069332153','1977-03-15 03:31:30','2000-06-21 09:51:01'),(94,'Vicenta','Ortiz','schmitt.paxton@example.org','879-818-4699x33234','2001-12-08 09:19:19','1982-09-27 09:01:17'),(95,'Romaine','Jacobi','kailee67@example.net','+41(7)7663199138','2006-01-27 15:56:52','1987-06-20 08:22:51'),(96,'Ken','Abshire','bartell.deshaun@example.net','(200)001-5640x0866','2001-11-24 19:21:45','1990-01-12 03:34:09'),(97,'Juana','Volkman','jerome23@example.org','(715)943-5202','2015-07-03 17:16:13','2003-02-13 14:38:14'),(98,'Kiley','Weber','emmet12@example.net','(746)793-4884x9751','2016-02-15 00:16:56','1971-05-03 13:30:54'),(99,'Americo','Wolf','pborer@example.org','(924)977-9323x876','2006-12-04 05:48:13','1976-04-19 16:44:43'),(100,'Tyrique','O\'Reilly','casimir.romaguera@example.net','231.236.2052x16403','2020-10-28 15:47:43','1973-03-29 07:18:11');
/*!40000 ALTER TABLE `users` ENABLE KEYS */;
UNLOCK TABLES;
/*!40103 SET TIME_ZONE=@OLD_TIME_ZONE */;

/*!40101 SET SQL_MODE=@OLD_SQL_MODE */;
/*!40014 SET FOREIGN_KEY_CHECKS=@OLD_FOREIGN_KEY_CHECKS */;
/*!40014 SET UNIQUE_CHECKS=@OLD_UNIQUE_CHECKS */;
/*!40101 SET CHARACTER_SET_CLIENT=@OLD_CHARACTER_SET_CLIENT */;
/*!40101 SET CHARACTER_SET_RESULTS=@OLD_CHARACTER_SET_RESULTS */;
/*!40101 SET COLLATION_CONNECTION=@OLD_COLLATION_CONNECTION */;
/*!40111 SET SQL_NOTES=@OLD_SQL_NOTES */;

-- Dump completed on 2021-05-11  5:23:37
